,open,high,low,close,volume,datetime,date
0,542.1,545.49,537.51,539.7,1449089,1424239200000,2015-02-18 06:00:00
1,538.84,543.11,538.01,542.87,987478,1424325600000,2015-02-19 06:00:00
2,543.41,543.75,535.8,538.95,1441212,1424412000000,2015-02-20 06:00:00
3,536.05,536.439,529.41,531.91,1453907,1424671200000,2015-02-23 06:00:00
4,530.0,536.79,528.25,536.09,1002393,1424757600000,2015-02-24 06:00:00
5,535.9,546.22,535.445,543.87,1821041,1424844000000,2015-02-25 06:00:00
6,542.71,556.14,541.5,555.48,2305219,1424930400000,2015-02-26 06:00:00
7,554.24,564.71,552.9,558.4,2403553,1425016800000,2015-02-27 06:00:00
8,560.1,572.15,558.75,571.34,2123796,1425276000000,2015-03-02 06:00:00
9,570.45,575.39,566.52,573.64,1700084,1425362400000,2015-03-03 06:00:00
10,571.87,577.11,568.01,573.37,1871694,1425448800000,2015-03-04 06:00:00
11,575.02,577.91,573.41,575.33,1385818,1425535200000,2015-03-05 06:00:00
12,575.0,576.6799,566.76,567.685,1654561,1425621600000,2015-03-06 06:00:00
13,566.86,570.27,563.535,568.85,1059336,1425877200000,2015-03-09 05:00:00
14,562.73047,563.32886,553.23611,553.51536,1792183,1425963600000,2015-03-10 05:00:00
15,556.19,558.14,550.68,551.18,1815763,1426050000000,2015-03-11 05:00:00
16,553.83,556.37,550.46,555.51,1385772,1426136400000,2015-03-12 05:00:00
17,553.5,558.4,544.22,547.32,1698872,1426222800000,2015-03-13 05:00:00
18,551.16,556.85,546.0,554.51,1636493,1426482000000,2015-03-16 05:00:00
19,551.13,553.8,548.0,550.84,1800570,1426568400000,2015-03-17 05:00:00
20,551.25,559.78,547.0001,559.5,2128714,1426654800000,2015-03-18 05:00:00
21,558.35,560.8,556.145,557.99,1194049,1426741200000,2015-03-19 05:00:00
22,561.65,561.72,559.05,560.36,2609690,1426827600000,2015-03-20 05:00:00
23,560.43,562.36,555.83,558.81,1639306,1427086800000,2015-03-23 05:00:00
24,562.56,574.59,561.21,570.19,2576234,1427173200000,2015-03-24 05:00:00
25,570.5,572.26,558.74,558.785,2146384,1427259600000,2015-03-25 05:00:00
26,557.21,558.9,550.65,555.17,1568331,1427346000000,2015-03-26 05:00:00
27,553.0,555.28,548.13,548.34,1892323,1427432400000,2015-03-27 05:00:00
28,551.62,553.47,548.17,552.03,1283958,1427691600000,2015-03-30 05:00:00
29,550.2,554.71,546.72,548.0,1583677,1427778000000,2015-03-31 05:00:00
30,548.6,551.14,539.5,542.56,1957718,1427864400000,2015-04-01 05:00:00
31,540.85,540.85,533.8467,535.53,1711737,1427950800000,2015-04-02 05:00:00
32,532.22,538.41,529.57,536.765,1320767,1428296400000,2015-04-06 05:00:00
33,538.08,542.69,536.0,537.02,1299298,1428382800000,2015-04-07 05:00:00
34,538.38,543.85,538.38,541.61,1175332,1428469200000,2015-04-08 05:00:00
35,541.48,541.95,535.49,540.78,1553586,1428555600000,2015-04-09 05:00:00
36,542.29,542.29,537.31,540.01,1405574,1428642000000,2015-04-10 05:00:00
37,538.39,544.06,537.31,539.17,1640809,1428901200000,2015-04-13 05:00:00
38,536.38,537.5699,528.0925,530.39,2597043,1428987600000,2015-04-14 05:00:00
39,528.7,534.73,523.22,532.53,2312512,1429074000000,2015-04-15 05:00:00
40,529.9,535.59,529.61,533.8,1296304,1429160400000,2015-04-16 05:00:00
41,527.46,529.84,521.01,524.05,2145955,1429246800000,2015-04-17 05:00:00
42,524.18456,534.64631,523.08752,533.93822,1680011,1429506000000,2015-04-20 05:00:00
43,537.51,539.39,533.675,533.97,1839668,1429592400000,2015-04-21 05:00:00
44,534.03,541.08,531.75,539.365,1589248,1429678800000,2015-04-22 05:00:00
45,540.55,550.96,540.23,547.0,4173376,1429765200000,2015-04-23 05:00:00
46,566.1,571.14,557.25,565.06,4919031,1429851600000,2015-04-24 05:00:00
47,563.88,565.95,553.2001,555.37,2398039,1430110800000,2015-04-27 05:00:00
48,553.59,556.02,550.366,553.68,1490983,1430197200000,2015-04-28 05:00:00
49,550.47,553.68,546.905,549.08,1698761,1430283600000,2015-04-29 05:00:00
50,547.87,548.59,535.05,537.34,2082214,1430370000000,2015-04-30 05:00:00
51,538.97,539.54,532.1,537.9,1768181,1430456400000,2015-05-01 05:00:00
52,538.94,544.07,535.06,540.78,1307960,1430715600000,2015-05-04 05:00:00
53,538.21,539.74,530.3906,530.8,1383068,1430802000000,2015-05-05 05:00:00
54,531.24,532.38,521.085,524.22,1566987,1430888400000,2015-05-06 05:00:00
55,527.9,533.46,521.75,530.7,1546278,1430974800000,2015-05-07 05:00:00
56,536.65,541.15,536.0,538.22,1527615,1431061200000,2015-05-08 05:00:00
57,537.96,541.98,535.4,535.7,905285,1431320400000,2015-05-11 05:00:00
58,531.6,533.2089,525.26,529.04,1634174,1431406800000,2015-05-12 05:00:00
59,530.56,534.3215,528.655,529.62,1253063,1431493200000,2015-05-13 05:00:00
60,533.77,539.0,532.41,538.4,1403935,1431579600000,2015-05-14 05:00:00
61,539.18,539.2743,530.38,533.85,1971343,1431666000000,2015-05-15 05:00:00
62,532.01,534.82,528.85,532.3,2003421,1431925200000,2015-05-18 05:00:00
63,533.42,540.66,533.04,537.36,1966947,1432011600000,2015-05-19 05:00:00
64,538.49,542.92,532.972,539.27,1430826,1432098000000,2015-05-20 05:00:00
65,539.05,543.8399,535.98,542.51,1462695,1432184400000,2015-05-21 05:00:00
66,540.0,544.19,539.51,540.11,1176214,1432270800000,2015-05-22 05:00:00
67,538.34,539.0,529.88,532.32,2406512,1432616400000,2015-05-26 05:00:00
68,532.8,540.55,531.71,539.79,1525019,1432702800000,2015-05-27 05:00:00
69,538.01,540.61,536.25,539.78,1029849,1432789200000,2015-05-28 05:00:00
70,538.5,538.63,531.45,532.11,2597407,1432875600000,2015-05-29 05:00:00
71,536.79,536.79,529.76,533.99,1904332,1433134800000,2015-06-01 05:00:00
72,532.94,543.0,531.33,539.18,1938989,1433221200000,2015-06-02 05:00:00
73,539.91,543.5,537.11,540.31,1717036,1433307600000,2015-06-03 05:00:00
74,537.69,540.59,534.32,536.7,1348337,1433394000000,2015-06-04 05:00:00
75,536.35,537.2,532.52,533.33,1388220,1433480400000,2015-06-05 05:00:00
76,532.54,534.12,526.24,526.83,1524139,1433739600000,2015-06-08 05:00:00
77,526.88,529.2,523.01,526.69,1455266,1433826000000,2015-06-09 05:00:00
78,529.86,538.36,529.35,536.69,1814958,1433912400000,2015-06-10 05:00:00
79,537.95,538.98,533.02,534.61,1217536,1433998800000,2015-06-11 05:00:00
80,531.6,533.12,530.16,532.33,955789,1434085200000,2015-06-12 05:00:00
81,528.0,528.3,524.0,527.2,1632702,1434344400000,2015-06-15 05:00:00
82,528.4,529.6399,525.56,528.15,1071814,1434430800000,2015-06-16 05:00:00
83,529.37,530.98,525.1,529.26,1294216,1434517200000,2015-06-17 05:00:00
84,531.81,538.15,530.79,536.73,1833109,1434603600000,2015-06-18 05:00:00
85,537.21,538.25,533.01,536.69,1893497,1434690000000,2015-06-19 05:00:00
86,539.59,543.74,537.53,538.19,1250282,1434949200000,2015-06-22 05:00:00
87,539.64,541.499,535.25,540.48,1197450,1435035600000,2015-06-23 05:00:00
88,540.0,540.0,535.66,537.84,1286608,1435122000000,2015-06-24 05:00:00
89,538.86,540.9,535.23,535.23,1335697,1435208400000,2015-06-25 05:00:00
90,537.26,537.76,531.35,531.69,2109130,1435294800000,2015-06-26 05:00:00
91,525.01,528.61,520.54,521.52,1937821,1435554000000,2015-06-29 05:00:00
92,526.02,526.25,520.5,520.51,2235595,1435640400000,2015-06-30 05:00:00
93,524.73,525.69,518.2305,521.84,1961354,1435726800000,2015-07-01 05:00:00
94,521.08,524.65,521.08,523.4,1235903,1435813200000,2015-07-02 05:00:00
95,519.5,525.25,519.0,522.86,1280525,1436158800000,2015-07-06 05:00:00
96,523.13,526.18,515.18,525.02,1597229,1436245200000,2015-07-07 05:00:00
97,520.7,522.734,516.11,516.83,1296699,1436331600000,2015-07-08 05:00:00
98,523.12,523.77,520.35,520.68,1842347,1436418000000,2015-07-09 05:00:00
99,526.29,532.56,525.55,530.13,1956682,1436504400000,2015-07-10 05:00:00
100,532.88,547.11,532.4001,546.55,2206475,1436763600000,2015-07-13 05:00:00
101,546.76,565.8487,546.71,561.1,3244066,1436850000000,2015-07-14 05:00:00
102,560.13,566.5029,556.79,560.22,1784554,1436936400000,2015-07-15 05:00:00
103,565.12,580.68,565.0,579.85,4768318,1437022800000,2015-07-16 05:00:00
104,649.0,674.468,645.0,672.93,11164943,1437109200000,2015-07-17 05:00:00
105,659.24,668.88,653.01,663.02,5860872,1437368400000,2015-07-20 05:00:00
106,655.21,673.0,654.3,662.3,3377196,1437454800000,2015-07-21 05:00:00
107,660.89,678.64,659.0,662.1,3929309,1437541200000,2015-07-22 05:00:00
108,661.27,663.63,641.0,644.28,3029109,1437627600000,2015-07-23 05:00:00
109,647.0,648.17,622.52,623.56,3625747,1437714000000,2015-07-24 05:00:00
110,621.0,634.3,620.5,627.26,2675381,1437973200000,2015-07-27 05:00:00
111,632.83,632.83,623.31,628.0,1727327,1438059600000,2015-07-28 05:00:00
112,628.8,633.36,622.65,631.93,1575069,1438146000000,2015-07-29 05:00:00
113,630.0,635.22,622.05,632.59,1474203,1438232400000,2015-07-30 05:00:00
114,631.38,632.91,625.5,625.61,1706149,1438318800000,2015-07-31 05:00:00
115,625.34,633.0556,625.34,631.21,1304511,1438578000000,2015-08-03 05:00:00
116,628.42,634.81,627.16,629.25,1490881,1438664400000,2015-08-04 05:00:00
117,634.33,647.86,633.16,643.78,2334266,1438750800000,2015-08-05 05:00:00
118,645.0,645.379,632.25,642.68,1572600,1438837200000,2015-08-06 05:00:00
119,640.23,642.68,629.71,635.3,1403865,1438923600000,2015-08-07 05:00:00
120,639.48,643.44,631.249,633.73,1809205,1439182800000,2015-08-10 05:00:00
121,669.2,674.9,654.27,660.78,5029203,1439269200000,2015-08-11 05:00:00
122,663.08,665.0,652.29,659.56,2940803,1439355600000,2015-08-12 05:00:00
123,659.3225,664.5,651.661,656.45,1810749,1439442000000,2015-08-13 05:00:00
124,655.01,659.855,652.66,657.12,1072061,1439528400000,2015-08-14 05:00:00
125,656.8,661.38,651.24,660.87,1051699,1439787600000,2015-08-17 05:00:00
126,661.9,664.0,653.46,656.13,1456059,1439874000000,2015-08-18 05:00:00
127,656.6,667.0,654.19,660.9,2134098,1439960400000,2015-08-19 05:00:00
128,655.46,662.99,642.9,646.83,2855299,1440046800000,2015-08-20 05:00:00
129,639.78,640.05,612.33,612.48,4265183,1440133200000,2015-08-21 05:00:00
130,573.0,614.0,565.05,589.61,5770302,1440392400000,2015-08-24 05:00:00
131,614.91,617.45,581.11,582.06,3537966,1440478800000,2015-08-25 05:00:00
132,610.35,631.71,599.05,628.62,4235891,1440565200000,2015-08-26 05:00:00
133,639.4,643.59,622.0,637.61,3491336,1440651600000,2015-08-27 05:00:00
134,632.82,636.88,624.56,630.38,1978733,1440738000000,2015-08-28 05:00:00
135,627.54,635.8,617.68,618.25,2176737,1440997200000,2015-08-31 05:00:00
136,602.36,612.86,594.1,597.79,3702105,1441083600000,2015-09-01 05:00:00
137,605.59,614.34,599.71,614.34,2575620,1441170000000,2015-09-02 05:00:00
138,617.0,619.71,602.8213,606.25,1759572,1441256400000,2015-09-03 05:00:00
139,600.0,603.47,595.25,600.7,2089453,1441342800000,2015-09-04 05:00:00
140,612.49,616.31,604.12,614.66,2279538,1441688400000,2015-09-08 05:00:00
141,621.22,626.52,609.6,612.72,1702094,1441774800000,2015-09-09 05:00:00
142,613.1,624.16,611.43,621.35,1905276,1441861200000,2015-09-10 05:00:00
143,619.75,625.78,617.42,625.77,1373545,1441947600000,2015-09-11 05:00:00
144,625.7,625.86,619.43,623.24,1702271,1442206800000,2015-09-14 05:00:00
145,626.7,638.7,623.78,635.14,2084397,1442293200000,2015-09-15 05:00:00
146,635.47,637.95,632.32,635.98,1286454,1442379600000,2015-09-16 05:00:00
147,637.79,650.9,635.02,642.9,2274690,1442466000000,2015-09-17 05:00:00
148,636.79,640.0,627.02,629.25,5133386,1442552400000,2015-09-18 05:00:00
149,634.4,636.49,625.94,635.44,1788506,1442811600000,2015-09-21 05:00:00
150,627.0,627.55,615.43,622.69,2562869,1442898000000,2015-09-22 05:00:00
151,622.05,628.93,620.0,622.36,1470949,1442984400000,2015-09-23 05:00:00
152,616.64,627.32,612.4,625.8,2240098,1443070800000,2015-09-24 05:00:00
153,629.77,629.77,611.0,611.97,2174009,1443157200000,2015-09-25 05:00:00
154,610.34,614.605,589.38,594.89,3127667,1443416400000,2015-09-28 05:00:00
155,597.28,605.0,590.22,594.97,2310284,1443502800000,2015-09-29 05:00:00
156,603.28,608.76,600.73,608.42,2413441,1443589200000,2015-09-30 05:00:00
157,608.37,612.09,599.85,611.29,1867601,1443675600000,2015-10-01 05:00:00
158,607.2,627.34,603.13,626.91,2684805,1443762000000,2015-10-02 05:00:00
159,632.0,643.01,627.0,641.47,1803643,1444021200000,2015-10-05 05:00:00
160,638.84,649.25,636.5295,645.44,2236847,1444107600000,2015-10-06 05:00:00
161,649.24,650.609,632.15,642.36,2092714,1444194000000,2015-10-07 05:00:00
162,641.36,644.45,625.56,639.16,2182081,1444280400000,2015-10-08 05:00:00
163,640.0,645.99,635.318,643.61,1648736,1444366800000,2015-10-09 05:00:00
164,642.09,648.5,639.01,646.67,1276134,1444626000000,2015-10-12 05:00:00
165,643.15,657.8125,643.15,652.3,1807685,1444712400000,2015-10-13 05:00:00
166,653.21,659.39,648.85,651.16,1415468,1444798800000,2015-10-14 05:00:00
167,654.66,663.13,654.46,661.74,1885737,1444885200000,2015-10-15 05:00:00
168,664.11,664.97,657.2,662.2,1611128,1444971600000,2015-10-16 05:00:00
169,661.18,666.82,659.58,666.1,1477340,1445230800000,2015-10-19 05:00:00
170,664.04,664.7197,644.195,650.28,2498215,1445317200000,2015-10-20 05:00:00
171,654.15,655.87,641.73,642.61,1794172,1445403600000,2015-10-21 05:00:00
172,646.7,657.8,644.01,651.79,4070954,1445490000000,2015-10-22 05:00:00
173,727.5,730.0,701.5,702.0,6653923,1445576400000,2015-10-23 05:00:00
174,701.55,719.15,701.26,712.78,2716615,1445835600000,2015-10-26 05:00:00
175,707.38,713.62,704.55,708.49,2245796,1445922000000,2015-10-27 05:00:00
176,707.33,712.98,703.08,712.95,2178917,1446008400000,2015-10-28 05:00:00
177,710.5,718.26,710.01,716.92,1455965,1446094800000,2015-10-29 05:00:00
178,715.73,718.0,710.05,710.81,1908774,1446181200000,2015-10-30 05:00:00
179,711.06,721.62,705.85,721.11,1886250,1446444000000,2015-11-02 06:00:00
180,718.86,724.65,714.72,722.16,1565379,1446530400000,2015-11-03 06:00:00
181,722.0,733.1,721.9,728.11,1706700,1446616800000,2015-11-04 06:00:00
182,729.47,739.48,729.47,731.25,1861550,1446703200000,2015-11-05 06:00:00
183,731.5,735.41,727.01,733.76,1511599,1446789600000,2015-11-06 06:00:00
184,730.2,734.71,719.43,724.89,2069807,1447048800000,2015-11-09 06:00:00
185,724.4,730.59,718.5001,728.32,1607994,1447135200000,2015-11-10 06:00:00
186,732.46,741.0,730.23,735.4,1366995,1447221600000,2015-11-11 06:00:00
187,731.0,737.8,728.645,731.23,1837154,1447308000000,2015-11-12 06:00:00
188,729.17,731.15,716.73,717.0,2075504,1447394400000,2015-11-13 06:00:00
189,715.6,729.49,711.33,728.96,1905893,1447653600000,2015-11-16 06:00:00
190,729.29,731.845,723.027,725.3,1510903,1447740000000,2015-11-17 06:00:00
191,727.58,741.41,727.0,740.0,1684259,1447826400000,2015-11-18 06:00:00
192,738.74,742.0,737.43,738.41,1327879,1447912800000,2015-11-19 06:00:00
193,746.53,757.92,743.0,756.6,2213284,1447999200000,2015-11-20 06:00:00
194,757.45,762.7075,751.82,755.98,1415385,1448258400000,2015-11-23 06:00:00
195,752.0,755.279,737.63,748.28,2334197,1448344800000,2015-11-24 06:00:00
196,748.14,752.0,746.06,748.15,1122224,1448431200000,2015-11-25 06:00:00
197,748.46,753.41,747.49,750.26,838528,1448604000000,2015-11-27 06:00:00
198,748.81,754.93,741.27,742.6,2097624,1448863200000,2015-11-30 06:00:00
199,747.11,768.95,746.7,767.04,2134621,1448949600000,2015-12-01 06:00:00
200,768.9,775.955,758.96,762.38,2230373,1449036000000,2015-12-02 06:00:00
201,766.01,768.995,745.63,752.54,2590641,1449122400000,2015-12-03 06:00:00
202,753.1,768.49,750.0,766.81,2757283,1449208800000,2015-12-04 06:00:00
203,767.77,768.73,755.09,763.25,1812314,1449468000000,2015-12-07 06:00:00
204,757.89,764.8,754.2,762.37,1829475,1449554400000,2015-12-08 06:00:00
205,759.17,764.23,737.001,751.61,2699990,1449640800000,2015-12-09 06:00:00
206,752.85,755.85,743.83,749.46,1988380,1449727200000,2015-12-10 06:00:00
207,741.16,745.71,736.75,738.87,2224410,1449813600000,2015-12-11 06:00:00
208,741.79,748.73,724.17,747.77,2421236,1450072800000,2015-12-14 06:00:00
209,753.0,758.08,743.01,743.4,2666229,1450159200000,2015-12-15 06:00:00
210,750.0,760.59,739.435,758.09,1993251,1450245600000,2015-12-16 06:00:00
211,762.42,762.68,749.0,749.43,1553418,1450332000000,2015-12-17 06:00:00
212,746.51,754.13,738.15,739.31,3148743,1450418400000,2015-12-18 06:00:00
213,746.13,750.0,740.0,747.77,1525703,1450677600000,2015-12-21 06:00:00
214,751.65,754.85,745.53,750.0,1365520,1450764000000,2015-12-22 06:00:00
215,753.47,754.21,744.0,750.31,1566726,1450850400000,2015-12-23 06:00:00
216,749.55,751.35,746.62,748.4,527223,1450936800000,2015-12-24 06:00:00
217,752.92,762.99,749.52,762.51,1515716,1451282400000,2015-12-28 06:00:00
218,766.69,779.98,766.43,776.6,1765012,1451368800000,2015-12-29 06:00:00
219,776.6,777.6,766.9,771.0,1293521,1451455200000,2015-12-30 06:00:00
220,769.5,769.5,758.34,758.88,1500923,1451541600000,2015-12-31 06:00:00
221,743.0,744.06,731.2577,741.84,3272776,1451887200000,2016-01-04 06:00:00
222,746.45,752.0,738.64,742.58,1950691,1451973600000,2016-01-05 06:00:00
223,730.0,747.18,728.92,743.62,1947034,1452060000000,2016-01-06 06:00:00
224,730.31,738.5,719.06,726.39,2963741,1452146400000,2016-01-07 06:00:00
225,731.45,733.23,713.0,714.47,2450857,1452232800000,2016-01-08 06:00:00
226,716.61,718.855,703.54,716.03,2090621,1452492000000,2016-01-11 06:00:00
227,721.68,728.75,717.3165,726.07,2024509,1452578400000,2016-01-12 06:00:00
228,730.85,734.74,698.61,700.56,2501730,1452664800000,2016-01-13 06:00:00
229,705.38,721.925,689.1,714.72,2225768,1452751200000,2016-01-14 06:00:00
230,692.29,706.74,685.37,694.45,3608109,1452837600000,2016-01-15 06:00:00
231,703.3,709.98,693.4101,701.79,2268078,1453183200000,2016-01-19 06:00:00
232,688.61,706.85,673.26,698.45,3444962,1453269600000,2016-01-20 06:00:00
233,702.18,719.19,694.46,706.59,2412211,1453356000000,2016-01-21 06:00:00
234,723.6,728.13,720.121,725.25,2011797,1453442400000,2016-01-22 06:00:00
235,723.58,729.68,710.01,711.67,1711716,1453701600000,2016-01-25 06:00:00
236,713.85,718.28,706.48,713.04,1331691,1453788000000,2016-01-26 06:00:00
237,713.67,718.235,694.39,699.99,2194227,1453874400000,2016-01-27 06:00:00
238,722.22,733.69,712.35,730.96,2676397,1453960800000,2016-01-28 06:00:00
239,731.53,744.9899,726.8,742.95,3474319,1454047200000,2016-01-29 06:00:00
240,750.46,757.86,743.27,752.0,5139157,1454306400000,2016-02-01 06:00:00
241,784.5,789.8699,764.65,764.65,6348126,1454392800000,2016-02-02 06:00:00
242,770.22,774.5,720.5,726.95,6171019,1454479200000,2016-02-03 06:00:00
243,722.81,727.0,701.86,708.01,5168709,1454565600000,2016-02-04 06:00:00
244,703.87,703.99,680.15,683.57,5105725,1454652000000,2016-02-05 06:00:00
245,667.85,684.03,663.06,682.74,4247355,1454911200000,2016-02-08 06:00:00
246,672.32,699.9,668.77,678.11,3608914,1454997600000,2016-02-09 06:00:00
247,686.86,701.31,682.13,684.12,2638007,1455084000000,2016-02-10 06:00:00
248,675.0,689.35,668.8675,683.11,3024043,1455170400000,2016-02-11 06:00:00
249,690.26,693.75,678.6,682.4,2141373,1455256800000,2016-02-12 06:00:00
250,692.98,698.0,685.05,691.0,2520021,1455602400000,2016-02-16 06:00:00
251,699.0,709.75,691.38,708.4,2492634,1455688800000,2016-02-17 06:00:00
252,710.0,712.35,696.03,697.35,1883248,1455775200000,2016-02-18 06:00:00
253,695.03,703.0805,694.05,700.91,1589281,1455861600000,2016-02-19 06:00:00
254,707.45,713.24,702.51,706.46,1949816,1456120800000,2016-02-22 06:00:00
255,701.45,708.4,693.58,695.85,2009280,1456207200000,2016-02-23 06:00:00
256,688.92,700.0,680.78,699.56,1963573,1456293600000,2016-02-24 06:00:00
257,700.01,705.98,690.585,705.75,1642166,1456380000000,2016-02-25 06:00:00
258,708.58,713.43,700.86,705.07,2243522,1456466400000,2016-02-26 06:00:00
259,700.32,710.89,697.68,697.77,2481145,1456725600000,2016-02-29 06:00:00
260,703.62,718.81,699.77,718.81,2151419,1456812000000,2016-03-01 06:00:00
261,719.0,720.0,712.0,718.85,1629003,1456898400000,2016-03-02 06:00:00
262,718.68,719.45,706.02,712.42,1957974,1456984800000,2016-03-03 06:00:00
263,714.99,716.49,706.02,710.89,1972077,1457071200000,2016-03-04 06:00:00
264,706.9,708.0912,686.9,695.16,2988026,1457330400000,2016-03-07 06:00:00
265,688.59,703.79,685.34,693.97,2076331,1457416800000,2016-03-08 06:00:00
266,698.47,705.68,694.0,705.24,1421515,1457503200000,2016-03-09 06:00:00
267,708.12,716.44,703.36,712.82,2833525,1457589600000,2016-03-10 06:00:00
268,720.0,726.92,717.125,726.82,1970815,1457676000000,2016-03-11 06:00:00
269,726.81,735.5,725.15,730.49,1718252,1457931600000,2016-03-14 05:00:00
270,726.92,732.29,724.77,728.33,1720965,1458018000000,2016-03-15 05:00:00
271,726.37,737.47,724.51,736.09,1624370,1458104400000,2016-03-16 05:00:00
272,736.45,743.07,736.0,737.78,1860834,1458190800000,2016-03-17 05:00:00
273,741.86,742.0,731.83,737.6,2980709,1458277200000,2016-03-18 05:00:00
274,736.5,742.5,733.5157,742.09,1836503,1458536400000,2016-03-21 05:00:00
275,737.46,745.0,737.46,740.75,1269749,1458622800000,2016-03-22 05:00:00
276,742.36,745.7199,736.15,738.06,1432099,1458709200000,2016-03-23 05:00:00
277,732.01,737.747,731.0,735.3,1594891,1458795600000,2016-03-24 05:00:00
278,736.79,738.99,732.5,733.53,1301327,1459141200000,2016-03-28 05:00:00
279,734.59,747.25,728.76,744.77,1903758,1459227600000,2016-03-29 05:00:00
280,750.1,757.88,748.74,750.53,1782427,1459314000000,2016-03-30 05:00:00
281,749.25,750.85,740.94,744.95,1718798,1459400400000,2016-03-31 05:00:00
282,738.6,750.34,737.0,749.91,1576745,1459486800000,2016-04-01 05:00:00
283,750.06,752.8,742.43,745.29,1134390,1459746000000,2016-04-04 05:00:00
284,738.0,742.8,735.37,737.8,1132294,1459832400000,2016-04-05 05:00:00
285,735.77,746.24,735.56,745.69,1053713,1459918800000,2016-04-06 05:00:00
286,745.37,746.9999,736.28,740.28,1453185,1460005200000,2016-04-07 05:00:00
287,743.97,745.45,735.55,739.15,1290787,1460091600000,2016-04-08 05:00:00
288,743.02,745.0,736.05,736.1,1220088,1460350800000,2016-04-11 05:00:00
289,738.0,743.83,731.01,743.09,1352992,1460437200000,2016-04-12 05:00:00
290,749.16,754.38,744.261,751.72,1707641,1460523600000,2016-04-13 05:00:00
291,754.01,757.31,752.705,753.2,1135271,1460610000000,2016-04-14 05:00:00
292,753.98,761.0,752.6938,759.0,1809332,1460696400000,2016-04-15 05:00:00
293,760.46,768.05,757.3,766.61,1558848,1460955600000,2016-04-18 05:00:00
294,769.51,769.9,749.33,753.93,2030526,1461042000000,2016-04-19 05:00:00
295,758.0,758.1315,750.01,752.67,1529217,1461128400000,2016-04-20 05:00:00
296,755.38,760.45,749.55,759.14,3060490,1461214800000,2016-04-21 05:00:00
297,726.3,736.12,713.61,718.77,5951179,1461301200000,2016-04-22 05:00:00
298,716.1,723.93,715.59,723.15,1959179,1461560400000,2016-04-25 05:00:00
299,725.42,725.766,703.0264,708.14,2744587,1461646800000,2016-04-26 05:00:00
300,707.29,708.98,692.3651,705.84,3098587,1461733200000,2016-04-27 05:00:00
301,708.26,714.17,689.55,691.02,2867255,1461819600000,2016-04-28 05:00:00
302,690.7,697.62,689.0,693.01,2487673,1461906000000,2016-04-29 05:00:00
303,697.63,700.64,691.0,698.21,1645265,1462165200000,2016-05-02 05:00:00
304,696.87,697.84,692.0,692.36,1543785,1462251600000,2016-05-03 05:00:00
305,690.49,699.75,689.01,695.7,1693525,1462338000000,2016-05-04 05:00:00
306,697.7,702.3199,695.72,701.43,1683507,1462424400000,2016-05-05 05:00:00
307,698.38,711.86,698.1067,711.12,1829291,1462510800000,2016-05-06 05:00:00
308,712.0,718.71,710.0,712.9,1510289,1462770000000,2016-05-09 05:00:00
309,716.75,723.5,715.72,723.18,1569591,1462856400000,2016-05-10 05:00:00
310,723.41,724.48,712.8,715.29,1692063,1462942800000,2016-05-11 05:00:00
311,717.06,719.25,709.0,713.31,1361332,1463029200000,2016-05-12 05:00:00
312,711.93,716.6619,709.26,710.83,1314499,1463115600000,2016-05-13 05:00:00
313,709.13,718.48,705.65,716.49,1317069,1463374800000,2016-05-16 05:00:00
314,715.99,721.52,704.11,706.23,2001225,1463461200000,2016-05-17 05:00:00
315,703.67,711.6,700.63,706.63,1766836,1463547600000,2016-05-18 05:00:00
316,702.36,706.0,696.8,700.32,1670234,1463634000000,2016-05-19 05:00:00
317,701.62,714.58,700.52,709.74,1828387,1463720400000,2016-05-20 05:00:00
318,706.53,711.4781,704.18,704.24,1330692,1463979600000,2016-05-23 05:00:00
319,706.86,720.97,706.86,720.09,1929467,1464066000000,2016-05-24 05:00:00
320,720.76,727.51,719.7047,725.27,1632564,1464152400000,2016-05-25 05:00:00
321,722.87,728.33,720.28,724.12,1576286,1464238800000,2016-05-26 05:00:00
322,724.01,733.936,724.0,732.66,1974962,1464325200000,2016-05-27 05:00:00
323,731.74,739.73,731.26,735.72,2129545,1464670800000,2016-05-31 05:00:00
324,734.53,737.21,730.66,734.15,1253593,1464757200000,2016-06-01 05:00:00
325,732.5,733.02,724.17,730.4,1341807,1464843600000,2016-06-02 05:00:00
326,729.27,729.49,720.56,722.34,1226253,1464930000000,2016-06-03 05:00:00
327,724.91,724.91,714.61,716.55,1566059,1465189200000,2016-06-06 05:00:00
328,719.84,721.98,716.55,716.65,1336754,1465275600000,2016-06-07 05:00:00
329,723.96,728.57,720.58,728.28,1583701,1465362000000,2016-06-08 05:00:00
330,722.87,729.54,722.3361,728.58,988914,1465448400000,2016-06-09 05:00:00
331,719.47,725.89,716.43,719.41,1216443,1465534800000,2016-06-10 05:00:00
332,716.51,725.44,716.51,718.36,1258930,1465794000000,2016-06-13 05:00:00
333,716.48,722.47,713.12,718.27,1306065,1465880400000,2016-06-14 05:00:00
334,719.0,722.98,717.31,718.92,1214517,1465966800000,2016-06-15 05:00:00
335,714.91,716.65,703.26,710.36,1982471,1466053200000,2016-06-16 05:00:00
336,708.65,708.82,688.4515,691.72,3402357,1466139600000,2016-06-17 05:00:00
337,698.77,702.48,693.41,693.71,2082538,1466398800000,2016-06-20 05:00:00
338,698.4,702.77,692.01,695.94,1465634,1466485200000,2016-06-21 05:00:00
339,699.06,700.86,693.0819,697.46,1184318,1466571600000,2016-06-22 05:00:00
340,697.45,701.95,687.0,701.87,2171415,1466658000000,2016-06-23 05:00:00
341,675.17,689.4,673.45,675.22,4449022,1466744400000,2016-06-24 05:00:00
342,671.0,672.3,663.284,668.26,2641085,1467003600000,2016-06-27 05:00:00
343,678.97,680.33,673.0,680.04,2173762,1467090000000,2016-06-28 05:00:00
344,683.0,687.4292,681.41,684.11,1932561,1467176400000,2016-06-29 05:00:00
345,685.47,692.32,683.65,692.1,1597714,1467262800000,2016-06-30 05:00:00
346,692.2,700.65,692.1301,699.21,1344710,1467349200000,2016-07-01 05:00:00
347,696.06,696.94,688.88,694.49,1462616,1467694800000,2016-07-05 05:00:00
348,689.98,701.68,689.09,697.77,1411925,1467781200000,2016-07-06 05:00:00
349,698.08,698.2,688.215,695.36,1304200,1467867600000,2016-07-07 05:00:00
350,699.5,705.71,696.435,705.63,1575166,1467954000000,2016-07-08 05:00:00
351,708.05,716.51,707.24,715.09,1111762,1468213200000,2016-07-11 05:00:00
352,719.12,722.94,715.91,720.64,1336921,1468299600000,2016-07-12 05:00:00
353,723.62,724.0,716.85,716.98,935876,1468386000000,2016-07-13 05:00:00
354,721.58,722.21,718.03,720.95,950193,1468472400000,2016-07-14 05:00:00
355,725.73,725.74,719.055,719.85,1279339,1468558800000,2016-07-15 05:00:00
356,722.71,736.13,721.19,733.78,1295476,1468818000000,2016-07-18 05:00:00
357,729.89,736.99,729.0,736.96,1227486,1468904400000,2016-07-19 05:00:00
358,737.33,742.13,737.1,741.19,1289671,1468990800000,2016-07-20 05:00:00
359,740.36,741.69,735.831,738.63,1026306,1469077200000,2016-07-21 05:00:00
360,741.86,743.24,736.56,742.74,1259823,1469163600000,2016-07-22 05:00:00
361,740.67,742.61,737.5,739.77,1032432,1469422800000,2016-07-25 05:00:00
362,739.04,741.69,734.27,738.42,1186738,1469509200000,2016-07-26 05:00:00
363,738.28,744.46,737.0,741.77,1512517,1469595600000,2016-07-27 05:00:00
364,747.04,748.65,739.3,745.91,3530169,1469682000000,2016-07-28 05:00:00
365,772.71,778.55,766.77,768.79,3841482,1469768400000,2016-07-29 05:00:00
366,761.09,780.43,761.09,772.88,2700470,1470027600000,2016-08-01 05:00:00
367,768.69,775.84,767.85,771.07,1784525,1470114000000,2016-08-02 05:00:00
368,767.18,773.21,766.82,773.18,1287421,1470200400000,2016-08-03 05:00:00
369,772.22,774.07,768.795,771.61,1140254,1470286800000,2016-08-04 05:00:00
370,773.78,783.04,772.34,782.22,1801205,1470373200000,2016-08-05 05:00:00
371,782.0,782.63,778.091,781.76,1107857,1470632400000,2016-08-08 05:00:00
372,781.1,788.94,780.57,784.26,1318894,1470718800000,2016-08-09 05:00:00
373,783.75,786.8123,782.778,784.68,786363,1470805200000,2016-08-10 05:00:00
374,785.0,789.75,782.97,784.85,975113,1470891600000,2016-08-11 05:00:00
375,781.5,783.395,780.4,783.22,740498,1470978000000,2016-08-12 05:00:00
376,783.75,787.49,780.11,782.44,938186,1471237200000,2016-08-15 05:00:00
377,780.3,780.98,773.444,777.14,1028047,1471323600000,2016-08-16 05:00:00
378,777.32,780.81,773.53,779.91,924226,1471410000000,2016-08-17 05:00:00
379,780.01,782.86,777.0,777.5,719429,1471496400000,2016-08-18 05:00:00
380,775.0,777.1,773.13,775.42,861546,1471582800000,2016-08-19 05:00:00
381,773.27,774.54,770.0502,772.15,951362,1471842000000,2016-08-22 05:00:00
382,775.48,776.44,771.785,772.08,928232,1471928400000,2016-08-23 05:00:00
383,770.58,774.5,767.07,769.64,1071999,1472014800000,2016-08-24 05:00:00
384,767.0,771.89,763.1846,769.41,926883,1472101200000,2016-08-25 05:00:00
385,769.0,776.0799,765.85,769.54,1166681,1472187600000,2016-08-26 05:00:00
386,768.74,774.99,766.615,772.15,847565,1472446800000,2016-08-29 05:00:00
387,769.33,774.466,766.84,769.09,1130029,1472533200000,2016-08-30 05:00:00
388,767.01,769.09,765.38,767.05,1248556,1472619600000,2016-08-31 05:00:00
389,769.25,771.02,764.3,768.78,925131,1472706000000,2016-09-01 05:00:00
390,773.01,773.9199,768.41,771.46,1072658,1472792400000,2016-09-02 05:00:00
391,773.45,782.0,771.0,780.08,1442822,1473138000000,2016-09-06 05:00:00
392,780.0,782.73,776.2,780.35,894021,1473224400000,2016-09-07 05:00:00
393,778.59,780.35,773.58,775.32,1270264,1473310800000,2016-09-08 05:00:00
394,770.1,773.245,759.66,759.66,1885496,1473397200000,2016-09-09 05:00:00
395,755.13,770.29,754.0001,769.02,1310986,1473656400000,2016-09-12 05:00:00
396,764.48,766.2195,755.8,759.69,1395046,1473742800000,2016-09-13 05:00:00
397,759.61,767.68,759.11,762.49,1094490,1473829200000,2016-09-14 05:00:00
398,762.89,773.8,759.96,771.76,1346751,1473915600000,2016-09-15 05:00:00
399,769.75,769.75,764.66,768.88,2049338,1474002000000,2016-09-16 05:00:00
400,772.42,774.0,764.4406,765.7,1172824,1474261200000,2016-09-19 05:00:00
401,769.0,773.33,768.53,771.41,978631,1474347600000,2016-09-20 05:00:00
402,772.66,777.16,768.301,776.22,1167810,1474434000000,2016-09-21 05:00:00
403,780.0,789.85,778.44,787.21,1486223,1474520400000,2016-09-22 05:00:00
404,786.59,788.93,784.15,786.9,1411937,1474606800000,2016-09-23 05:00:00
405,782.74,782.74,773.07,774.21,1533206,1474866000000,2016-09-26 05:00:00
406,775.5,785.9899,774.308,783.01,1153247,1474952400000,2016-09-27 05:00:00
407,777.85,781.81,774.97,781.56,1109834,1475038800000,2016-09-28 05:00:00
408,781.44,785.8,774.232,775.01,1314746,1475125200000,2016-09-29 05:00:00
409,776.33,780.94,774.09,777.29,1585333,1475211600000,2016-09-30 05:00:00
410,774.25,776.065,769.5,772.56,1278821,1475470800000,2016-10-03 05:00:00
411,776.03,778.71,772.89,776.43,1201350,1475557200000,2016-10-04 05:00:00
412,779.31,782.07,775.65,776.47,1461151,1475643600000,2016-10-05 05:00:00
413,779.0,780.48,775.54,776.86,1070692,1475730000000,2016-10-06 05:00:00
414,779.66,779.66,770.75,775.08,933158,1475816400000,2016-10-07 05:00:00
415,777.71,789.38,775.87,785.94,1174923,1476075600000,2016-10-10 05:00:00
416,786.66,792.28,780.58,783.07,1372461,1476162000000,2016-10-11 05:00:00
417,783.76,788.13,782.06,786.14,937435,1476248400000,2016-10-12 05:00:00
418,781.22,781.22,773.0,778.19,1365277,1476334800000,2016-10-13 05:00:00
419,781.65,783.95,776.0,778.53,852487,1476421200000,2016-10-14 05:00:00
420,779.8,785.85,777.5,779.96,1092973,1476680400000,2016-10-17 05:00:00
421,787.85,801.61,785.565,795.26,2056903,1476766800000,2016-10-18 05:00:00
422,798.86,804.63,797.635,801.56,1766798,1476853200000,2016-10-19 05:00:00
423,803.3,803.97,796.03,796.97,1757528,1476939600000,2016-10-20 05:00:00
424,795.0,799.5,794.0,799.37,1266181,1477026000000,2016-10-21 05:00:00
425,804.9,815.18,804.82,813.11,1697514,1477285200000,2016-10-24 05:00:00
426,816.68,816.68,805.14,807.67,1576404,1477371600000,2016-10-25 05:00:00
427,806.34,806.98,796.32,799.07,1647733,1477458000000,2016-10-26 05:00:00
428,801.0,803.49,791.5,795.35,2749221,1477544400000,2016-10-27 05:00:00
429,808.35,815.49,793.59,795.37,4269902,1477630800000,2016-10-28 05:00:00
430,795.47,796.86,784.0,784.54,2427284,1477890000000,2016-10-31 05:00:00
431,782.89,789.49,775.54,783.61,2406356,1477976400000,2016-11-01 05:00:00
432,778.2,781.65,763.4496,768.7,1918414,1478062800000,2016-11-02 05:00:00
433,767.25,769.95,759.03,762.13,1943175,1478149200000,2016-11-03 05:00:00
434,750.66,770.36,750.5611,762.02,2134812,1478235600000,2016-11-04 05:00:00
435,774.5,785.19,772.55,782.52,1585070,1478498400000,2016-11-07 06:00:00
436,783.4,795.633,780.19,790.51,1366873,1478584800000,2016-11-08 06:00:00
437,779.94,791.2265,771.67,785.31,2607121,1478671200000,2016-11-09 06:00:00
438,791.17,791.17,752.18,762.56,4745183,1478757600000,2016-11-10 06:00:00
439,756.54,760.78,750.38,754.02,2431815,1478844000000,2016-11-11 06:00:00
440,755.6,757.85,727.54,736.08,3654385,1479103200000,2016-11-14 06:00:00
441,746.97,764.4162,746.97,758.49,2384001,1479189600000,2016-11-15 06:00:00
442,755.2,766.36,750.51,764.48,1472594,1479276000000,2016-11-16 06:00:00
443,766.92,772.7,764.23,771.23,1304048,1479362400000,2016-11-17 06:00:00
444,771.37,775.0,760.0,760.54,1547145,1479448800000,2016-11-18 06:00:00
445,762.61,769.7,760.6,769.2,1330639,1479708000000,2016-11-21 06:00:00
446,772.63,776.96,767.0,768.27,1593108,1479794400000,2016-11-22 06:00:00
447,767.73,768.2825,755.25,760.99,1478417,1479880800000,2016-11-23 06:00:00
448,764.26,765.0,760.52,761.68,587421,1480053600000,2016-11-25 06:00:00
449,760.0,779.53,759.8,768.24,2188151,1480312800000,2016-11-28 06:00:00
450,771.53,778.5,768.24,770.84,1616618,1480399200000,2016-11-29 06:00:00
451,770.07,772.99,754.83,758.04,2392890,1480485600000,2016-11-30 06:00:00
452,757.44,759.85,737.0245,747.92,3017947,1480572000000,2016-12-01 06:00:00
453,744.59,754.0,743.1,750.5,1452484,1480658400000,2016-12-02 06:00:00
454,757.71,763.9,752.9,762.52,1394223,1480917600000,2016-12-05 06:00:00
455,764.73,768.83,757.34,759.11,1690689,1481004000000,2016-12-06 06:00:00
456,761.0,771.36,755.8,771.19,1760966,1481090400000,2016-12-07 06:00:00
457,772.48,778.18,767.23,776.42,1488059,1481176800000,2016-12-08 06:00:00
458,780.0,789.43,779.021,789.29,1821914,1481263200000,2016-12-09 06:00:00
459,785.04,791.25,784.3554,789.27,2104117,1481522400000,2016-12-12 06:00:00
460,793.9,804.3799,793.34,796.1,2145209,1481608800000,2016-12-13 06:00:00
461,797.4,804.0,794.01,797.07,1704150,1481695200000,2016-12-14 06:00:00
462,797.34,803.0,792.92,797.85,1626499,1481781600000,2016-12-15 06:00:00
463,800.4,800.8558,790.29,790.8,2435675,1481868000000,2016-12-16 06:00:00
464,790.22,797.66,786.27,794.2,1232087,1482127200000,2016-12-19 06:00:00
465,796.76,798.65,793.27,796.42,951014,1482213600000,2016-12-20 06:00:00
466,795.84,796.6757,787.1,794.56,1211346,1482300000000,2016-12-21 06:00:00
467,792.36,793.32,788.58,791.26,972169,1482386400000,2016-12-22 06:00:00
468,790.9,792.74,787.28,789.91,623944,1482472800000,2016-12-23 06:00:00
469,790.68,797.86,787.657,791.55,789321,1482818400000,2016-12-27 06:00:00
470,793.7,794.23,783.2,785.05,1153824,1482904800000,2016-12-28 06:00:00
471,783.33,785.93,778.92,782.79,744272,1482991200000,2016-12-29 06:00:00
472,782.75,782.78,770.41,771.82,1769950,1483077600000,2016-12-30 06:00:00
473,778.81,789.63,775.8,786.14,1657268,1483423200000,2017-01-03 06:00:00
474,788.36,791.34,783.16,786.9,1072958,1483509600000,2017-01-04 06:00:00
475,786.08,794.48,785.02,794.02,1335167,1483596000000,2017-01-05 06:00:00
476,795.26,807.9,792.2041,806.15,1640170,1483682400000,2017-01-06 06:00:00
477,806.4,809.9664,802.83,806.65,1274645,1483941600000,2017-01-09 06:00:00
478,807.86,809.1299,803.51,804.79,1176780,1484028000000,2017-01-10 06:00:00
479,805.0,808.15,801.37,807.91,1065936,1484114400000,2017-01-11 06:00:00
480,807.14,807.39,799.17,806.36,1353057,1484200800000,2017-01-12 06:00:00
481,807.48,811.2244,806.69,807.88,1099215,1484287200000,2017-01-13 06:00:00
482,807.08,807.14,800.37,804.61,1362115,1484632800000,2017-01-17 06:00:00
483,805.81,806.205,800.99,806.07,1294407,1484719200000,2017-01-18 06:00:00
484,805.12,809.48,801.8,802.175,919325,1484805600000,2017-01-19 06:00:00
485,806.91,806.91,801.69,805.02,1670045,1484892000000,2017-01-20 06:00:00
486,807.25,820.87,803.74,819.31,1963628,1485151200000,2017-01-23 06:00:00
487,822.3,825.9,817.821,823.87,1474010,1485237600000,2017-01-24 06:00:00
488,829.62,835.77,825.06,835.67,1627304,1485324000000,2017-01-25 06:00:00
489,837.81,838.0,827.01,832.15,2973891,1485410400000,2017-01-26 06:00:00
490,834.71,841.95,820.44,823.31,2965771,1485496800000,2017-01-27 06:00:00
491,814.66,815.84,799.8,802.32,3246573,1485756000000,2017-01-30 06:00:00
492,796.86,801.25,790.52,796.79,2160556,1485842400000,2017-01-31 06:00:00
493,799.68,801.19,791.19,795.695,2029744,1485928800000,2017-02-01 06:00:00
494,793.8,802.7,792.0,798.53,1532138,1486015200000,2017-02-02 06:00:00
495,802.99,806.0,800.37,801.49,1463264,1486101600000,2017-02-03 06:00:00
496,799.7,801.67,795.2501,801.34,1184483,1486360800000,2017-02-06 06:00:00
497,803.99,810.5,801.78,806.97,1241221,1486447200000,2017-02-07 06:00:00
498,807.0,811.84,803.1903,808.38,1155990,1486533600000,2017-02-08 06:00:00
499,809.51,810.66,804.54,809.56,990391,1486620000000,2017-02-09 06:00:00
500,811.7,815.25,809.78,813.67,1134976,1486706400000,2017-02-10 06:00:00
501,816.0,820.959,815.49,819.24,1213324,1486965600000,2017-02-13 06:00:00
502,819.0,823.0,816.0,820.45,1054732,1487052000000,2017-02-14 06:00:00
503,819.36,823.0,818.47,818.98,1313617,1487138400000,2017-02-15 06:00:00
504,819.93,824.4,818.98,824.16,1287626,1487224800000,2017-02-16 06:00:00
505,823.02,828.07,821.655,828.07,1611039,1487311200000,2017-02-17 06:00:00
506,828.66,833.45,828.35,831.66,1262337,1487656800000,2017-02-21 06:00:00
507,828.66,833.25,828.64,830.76,987248,1487743200000,2017-02-22 06:00:00
508,830.12,832.46,822.88,831.33,1472771,1487829600000,2017-02-23 06:00:00
509,827.73,829.0,824.2,828.64,1392202,1487916000000,2017-02-24 06:00:00
510,824.55,830.5,824.0,829.28,1101466,1488175200000,2017-02-27 06:00:00
511,825.61,828.54,820.2,823.21,2260769,1488261600000,2017-02-28 06:00:00
512,828.85,836.255,827.26,835.24,1496540,1488348000000,2017-03-01 06:00:00
513,833.85,834.51,829.64,830.63,942476,1488434400000,2017-03-02 06:00:00
514,830.56,831.36,825.751,829.08,896378,1488520800000,2017-03-03 06:00:00
515,826.95,828.88,822.4,827.78,1109037,1488780000000,2017-03-06 06:00:00
516,827.4,833.41,826.52,831.91,1037630,1488866400000,2017-03-07 06:00:00
517,833.51,838.15,831.79,835.37,989773,1488952800000,2017-03-08 06:00:00
518,836.0,842.0,834.21,838.68,1261517,1489039200000,2017-03-09 06:00:00
519,843.28,844.91,839.5,843.25,1704024,1489125600000,2017-03-10 06:00:00
520,844.0,848.685,843.25,845.54,1223647,1489381200000,2017-03-13 05:00:00
521,843.64,847.24,840.8,845.62,780198,1489467600000,2017-03-14 05:00:00
522,847.59,848.63,840.77,847.2,1381474,1489554000000,2017-03-15 05:00:00
523,849.03,850.85,846.13,848.78,977560,1489640400000,2017-03-16 05:00:00
524,851.61,853.4,847.11,852.12,1716471,1489726800000,2017-03-17 05:00:00
525,850.01,850.22,845.15,848.4,1231521,1489986000000,2017-03-20 05:00:00
526,851.4,853.5,829.02,830.46,2463484,1490072400000,2017-03-21 05:00:00
527,831.91,835.55,827.1801,829.59,1401465,1490158800000,2017-03-22 05:00:00
528,821.0,822.57,812.257,817.58,3487056,1490245200000,2017-03-23 05:00:00
529,820.08,821.93,808.89,814.43,1981006,1490331600000,2017-03-24 05:00:00
530,806.95,821.63,803.37,819.51,1894990,1490590800000,2017-03-27 05:00:00
531,820.41,825.99,814.027,820.92,1620542,1490677200000,2017-03-28 05:00:00
532,825.0,832.765,822.3801,831.41,1786321,1490763600000,2017-03-29 05:00:00
533,833.5,833.68,829.0,831.5,1055339,1490850000000,2017-03-30 05:00:00
534,828.97,831.64,827.39,829.56,1401893,1490936400000,2017-03-31 05:00:00
535,829.22,840.85,829.22,838.55,1671503,1491195600000,2017-04-03 05:00:00
536,831.36,835.18,829.0363,834.57,1045363,1491282000000,2017-04-04 05:00:00
537,835.51,842.45,830.72,831.41,1555328,1491368400000,2017-04-05 05:00:00
538,832.4,836.39,826.46,827.88,1254433,1491454800000,2017-04-06 05:00:00
539,827.96,828.485,820.5127,824.67,1057253,1491541200000,2017-04-07 05:00:00
540,825.39,829.35,823.77,824.73,978905,1491800400000,2017-04-10 05:00:00
541,824.71,827.4267,817.0201,823.35,1079732,1491886800000,2017-04-11 05:00:00
542,821.93,826.66,821.02,824.32,900480,1491973200000,2017-04-12 05:00:00
543,822.14,826.38,821.44,823.56,1122362,1492059600000,2017-04-13 05:00:00
544,825.01,837.75,824.47,837.17,895015,1492405200000,2017-04-17 05:00:00
545,834.22,838.93,832.71,836.82,836722,1492491600000,2017-04-18 05:00:00
546,839.79,842.22,836.29,838.21,954330,1492578000000,2017-04-19 05:00:00
547,841.44,845.2,839.32,841.65,959031,1492664400000,2017-04-20 05:00:00
548,842.88,843.88,840.6,843.19,1323583,1492750800000,2017-04-21 05:00:00
549,851.2,863.45,849.86,862.76,1372541,1493010000000,2017-04-24 05:00:00
550,865.0,875.0,862.81,872.3,1671972,1493096400000,2017-04-25 05:00:00
551,874.23,876.05,867.7481,871.73,1237167,1493182800000,2017-04-26 05:00:00
552,873.6,875.4,870.38,874.25,2026816,1493269200000,2017-04-27 05:00:00
553,910.66,916.85,905.77,905.96,3276255,1493355600000,2017-04-28 05:00:00
554,901.94,915.68,901.45,912.57,2115993,1493614800000,2017-05-01 05:00:00
555,909.62,920.77,909.4526,916.44,1587219,1493701200000,2017-05-02 05:00:00
556,914.86,928.1,912.5426,927.04,1499532,1493787600000,2017-05-03 05:00:00
557,926.07,935.93,924.59,931.66,1422144,1493874000000,2017-05-04 05:00:00
558,933.54,934.9,925.2,927.13,1911275,1493960400000,2017-05-05 05:00:00
559,926.12,936.925,925.26,934.3,1329825,1494219600000,2017-05-08 05:00:00
560,936.95,937.5,929.53,932.17,1581809,1494306000000,2017-05-09 05:00:00
561,931.98,932.0,925.16,928.78,1173925,1494392400000,2017-05-10 05:00:00
562,925.32,932.53,923.0301,930.6,835386,1494478800000,2017-05-11 05:00:00
563,931.53,933.44,927.85,932.22,1050601,1494565200000,2017-05-12 05:00:00
564,932.95,938.25,929.34,937.08,1108496,1494824400000,2017-05-15 05:00:00
565,940.0,943.11,937.58,943.0,969479,1494910800000,2017-05-16 05:00:00
566,935.67,939.3325,918.14,919.62,2362072,1494997200000,2017-05-17 05:00:00
567,921.0,933.17,918.75,930.24,1596897,1495083600000,2017-05-18 05:00:00
568,931.47,937.755,931.0,934.01,1393024,1495170000000,2017-05-19 05:00:00
569,935.0,941.8828,935.0,941.86,1120385,1495429200000,2017-05-22 05:00:00
570,947.92,951.4666,942.575,948.82,1270817,1495515600000,2017-05-23 05:00:00
571,952.98,955.09,949.5,954.96,1034199,1495602000000,2017-05-24 05:00:00
572,957.33,972.629,955.47,969.54,1660474,1495688400000,2017-05-25 05:00:00
573,969.7,974.98,965.03,971.47,1252010,1495774800000,2017-05-26 05:00:00
574,970.31,976.2,969.49,975.88,1466654,1496120400000,2017-05-30 05:00:00
575,975.02,979.27,960.18,964.86,2448067,1496206800000,2017-05-31 05:00:00
576,968.95,971.5,960.01,966.95,1410458,1496293200000,2017-06-01 05:00:00
577,969.46,975.88,966.0,975.6,1750955,1496379600000,2017-06-02 05:00:00
578,976.55,986.91,975.1,983.68,1252106,1496638800000,2017-06-05 05:00:00
579,983.16,988.25,975.14,976.57,1814624,1496725200000,2017-06-06 05:00:00
580,979.65,984.15,975.77,981.08,1453874,1496811600000,2017-06-07 05:00:00
581,982.35,984.57,977.2,983.41,1481916,1496898000000,2017-06-08 05:00:00
582,984.5,984.5,935.63,949.83,3309389,1496984400000,2017-06-09 05:00:00
583,939.56,949.355,915.2328,942.9,3763529,1497243600000,2017-06-12 05:00:00
584,951.91,959.98,944.09,953.4,2013337,1497330000000,2017-06-13 05:00:00
585,959.92,961.15,942.25,950.76,1489715,1497416400000,2017-06-14 05:00:00
586,933.97,943.339,924.44,942.31,2133050,1497502800000,2017-06-15 05:00:00
587,940.0,942.04,931.595,939.78,3094711,1497589200000,2017-06-16 05:00:00
588,949.96,959.99,949.05,957.37,1533336,1497848400000,2017-06-19 05:00:00
589,957.52,961.62,950.01,950.63,1125990,1497934800000,2017-06-20 05:00:00
590,953.64,960.1,950.76,959.45,1202233,1498021200000,2017-06-21 05:00:00
591,958.7,960.72,954.55,957.09,941958,1498107600000,2017-06-22 05:00:00
592,956.83,966.0,954.2,965.59,1527856,1498194000000,2017-06-23 05:00:00
593,969.9,973.31,950.79,952.27,1598355,1498453200000,2017-06-26 05:00:00
594,942.46,948.29,926.85,927.33,2579930,1498539600000,2017-06-27 05:00:00
595,929.0,942.75,916.0,940.49,2721406,1498626000000,2017-06-28 05:00:00
596,929.92,931.26,910.62,917.79,3299176,1498712400000,2017-06-29 05:00:00
597,926.05,926.05,908.31,908.73,2090226,1498798800000,2017-06-30 05:00:00
598,912.18,912.18,898.7,898.7,1710373,1499058000000,2017-07-03 05:00:00
599,901.76,914.51,898.5,911.71,1813884,1499230800000,2017-07-05 05:00:00
600,904.12,914.9444,899.7,906.69,1424503,1499317200000,2017-07-06 05:00:00
601,908.85,921.54,908.85,918.59,1637785,1499403600000,2017-07-07 05:00:00
602,921.77,930.38,919.59,928.8,1192825,1499662800000,2017-07-10 05:00:00
603,929.54,931.43,922.0,930.09,1113235,1499749200000,2017-07-11 05:00:00
604,938.68,946.3,934.47,943.83,1532144,1499835600000,2017-07-12 05:00:00
605,946.29,954.45,943.01,947.16,1294687,1499922000000,2017-07-13 05:00:00
606,952.0,956.91,948.005,955.99,1053774,1500008400000,2017-07-14 05:00:00
607,957.0,960.74,949.2407,953.42,1165537,1500267600000,2017-07-17 05:00:00
608,953.0,968.04,950.6,965.4,1153964,1500354000000,2017-07-18 05:00:00
609,967.84,973.04,964.03,970.89,1224540,1500440400000,2017-07-19 05:00:00
610,975.0,975.9,961.51,968.15,1624463,1500526800000,2017-07-20 05:00:00
611,962.25,973.23,960.15,972.92,1711000,1500613200000,2017-07-21 05:00:00
612,972.22,986.2,970.77,980.34,3248347,1500872400000,2017-07-24 05:00:00
613,953.81,959.7,945.4,950.7,4660979,1500958800000,2017-07-25 05:00:00
614,954.68,955.0,942.2788,947.8,2088256,1501045200000,2017-07-26 05:00:00
615,951.78,951.78,920.0,934.09,3212996,1501131600000,2017-07-27 05:00:00
616,929.4,943.83,927.5,941.53,1846351,1501218000000,2017-07-28 05:00:00
617,941.89,943.59,926.04,930.5,1970095,1501477200000,2017-07-31 05:00:00
618,932.38,937.447,929.26,930.83,1277734,1501563600000,2017-08-01 05:00:00
619,928.61,932.6,916.68,930.39,1824448,1501650000000,2017-08-02 05:00:00
620,930.34,932.24,922.24,923.65,1202512,1501736400000,2017-08-03 05:00:00
621,926.75,930.3068,923.03,927.96,1082267,1501822800000,2017-08-04 05:00:00
622,929.06,931.7,926.5,929.36,1032239,1502082000000,2017-08-07 05:00:00
623,927.09,935.814,925.6095,926.79,1061579,1502168400000,2017-08-08 05:00:00
624,920.61,925.98,917.2501,922.9,1192081,1502254800000,2017-08-09 05:00:00
625,917.55,919.26,906.13,907.24,1823967,1502341200000,2017-08-10 05:00:00
626,907.97,917.78,905.58,914.39,1206782,1502427600000,2017-08-11 05:00:00
627,922.53,924.668,918.19,922.67,1064530,1502686800000,2017-08-14 05:00:00
628,924.23,926.5499,919.82,922.22,883369,1502773200000,2017-08-15 05:00:00
629,925.29,932.7,923.445,926.96,1006711,1502859600000,2017-08-16 05:00:00
630,925.78,926.86,910.98,910.98,1277238,1502946000000,2017-08-17 05:00:00
631,910.31,915.275,907.1543,910.67,1342689,1503032400000,2017-08-18 05:00:00
632,910.0,913.0,903.4,906.66,943441,1503291600000,2017-08-21 05:00:00
633,912.72,925.86,911.4751,924.69,1166737,1503378000000,2017-08-22 05:00:00
634,921.93,929.93,919.36,927.0,1090248,1503464400000,2017-08-23 05:00:00
635,928.66,930.84,915.5,921.28,1270306,1503550800000,2017-08-24 05:00:00
636,923.49,925.555,915.5,915.89,1053376,1503637200000,2017-08-25 05:00:00
637,916.0,919.245,911.87,913.81,1086484,1503896400000,2017-08-28 05:00:00
638,905.1,923.33,905.0,921.29,1185564,1503982800000,2017-08-29 05:00:00
639,920.05,930.819,919.65,929.57,1301225,1504069200000,2017-08-30 05:00:00
640,931.76,941.98,931.76,939.33,1582579,1504155600000,2017-08-31 05:00:00
641,941.13,942.48,935.15,937.34,947374,1504242000000,2017-09-01 05:00:00
642,933.08,937.0,921.96,928.45,1348292,1504587600000,2017-09-05 05:00:00
643,930.15,930.915,919.27,927.81,1527650,1504674000000,2017-09-06 05:00:00
644,931.73,936.41,923.62,935.95,1212743,1504760400000,2017-09-07 05:00:00
645,936.49,936.99,924.88,926.5,1011538,1504846800000,2017-09-08 05:00:00
646,934.25,938.38,926.92,929.08,1266991,1505106000000,2017-09-11 05:00:00
647,932.59,933.48,923.861,932.07,1134397,1505192400000,2017-09-12 05:00:00
648,930.66,937.25,929.86,935.09,1102631,1505278800000,2017-09-13 05:00:00
649,931.25,932.77,924.0,925.11,1397644,1505365200000,2017-09-14 05:00:00
650,924.66,926.49,916.36,920.29,2505430,1505451600000,2017-09-15 05:00:00
651,920.01,922.08,910.6,915.0,1306922,1505710800000,2017-09-18 05:00:00
652,917.42,922.4199,912.55,921.81,936654,1505797200000,2017-09-19 05:00:00
653,922.98,933.88,922.0,931.58,1669763,1505883600000,2017-09-20 05:00:00
654,933.0,936.53,923.83,932.45,1290607,1505970000000,2017-09-21 05:00:00
655,927.75,934.73,926.48,928.53,1052704,1506056400000,2017-09-22 05:00:00
656,925.45,926.4,909.7,920.97,1856822,1506315600000,2017-09-25 05:00:00
657,923.72,930.82,921.14,924.86,1666861,1506402000000,2017-09-26 05:00:00
658,927.74,949.9,927.74,944.49,2239441,1506488400000,2017-09-27 05:00:00
659,941.36,950.69,940.55,949.5,1020312,1506574800000,2017-09-28 05:00:00
660,952.0,959.7864,951.51,959.11,1580994,1506661200000,2017-09-29 05:00:00
661,959.98,962.54,947.84,953.27,1283444,1506920400000,2017-10-02 05:00:00
662,954.0,958.0,949.14,957.79,888346,1507006800000,2017-10-03 05:00:00
663,957.0,960.39,950.69,951.68,952391,1507093200000,2017-10-04 05:00:00
664,955.49,970.91,955.18,969.96,1213816,1507179600000,2017-10-05 05:00:00
665,966.7,979.46,963.36,978.89,1173882,1507266000000,2017-10-06 05:00:00
666,980.0,985.425,976.11,977.0,891355,1507525200000,2017-10-09 05:00:00
667,980.0,981.57,966.0801,972.6,968362,1507611600000,2017-10-10 05:00:00
668,973.72,990.71,972.25,989.25,1693274,1507698000000,2017-10-11 05:00:00
669,987.45,994.12,985.0,987.83,1262793,1507784400000,2017-10-12 05:00:00
670,992.0,997.21,989.0,989.68,1169777,1507870800000,2017-10-13 05:00:00
671,992.1,993.9065,984.0,992.0,910543,1508130000000,2017-10-16 05:00:00
672,990.29,996.44,988.59,992.18,1290186,1508216400000,2017-10-17 05:00:00
673,991.77,996.72,986.9747,992.81,1057581,1508302800000,2017-10-18 05:00:00
674,986.0,988.88,978.39,984.45,1313575,1508389200000,2017-10-19 05:00:00
675,989.44,991.0,984.58,988.2,1183186,1508475600000,2017-10-20 05:00:00
676,989.52,989.52,966.12,968.45,1478448,1508734800000,2017-10-23 05:00:00
677,970.0,972.23,961.0,970.54,1212153,1508821200000,2017-10-24 05:00:00
678,968.37,976.09,960.5201,973.33,1211262,1508907600000,2017-10-25 05:00:00
679,980.0,987.6,972.2,972.56,2042149,1508994000000,2017-10-26 05:00:00
680,1009.19,1048.39,1008.2,1019.27,5167689,1509080400000,2017-10-27 05:00:00
681,1014.0,1024.97,1007.5,1017.11,2085062,1509339600000,2017-10-30 05:00:00
682,1015.22,1024.0,1010.42,1016.64,1331391,1509426000000,2017-10-31 05:00:00
683,1017.21,1029.67,1016.95,1025.5,1373444,1509512400000,2017-11-01 05:00:00
684,1021.76,1028.09,1013.01,1025.58,1048970,1509598800000,2017-11-02 05:00:00
685,1022.11,1032.65,1020.31,1032.48,1076350,1509685200000,2017-11-03 05:00:00
686,1028.99,1034.87,1025.0,1025.9,1125185,1509948000000,2017-11-06 06:00:00
687,1027.27,1033.97,1025.13,1033.33,1112331,1510034400000,2017-11-07 06:00:00
688,1030.52,1043.522,1028.45,1039.85,1088716,1510120800000,2017-11-08 06:00:00
689,1033.99,1033.99,1019.6656,1031.26,1245246,1510207200000,2017-11-09 06:00:00
690,1026.46,1030.76,1025.28,1028.07,720676,1510293600000,2017-11-10 06:00:00
691,1023.42,1031.58,1022.57,1025.75,885779,1510552800000,2017-11-13 06:00:00
692,1022.59,1026.81,1014.15,1026.0,959222,1510639200000,2017-11-14 06:00:00
693,1019.21,1024.09,1015.42,1020.91,853992,1510725600000,2017-11-15 06:00:00
694,1022.52,1035.92,1022.52,1032.5,1129688,1510812000000,2017-11-16 06:00:00
695,1034.01,1034.42,1017.75,1019.09,1397064,1510898400000,2017-11-17 06:00:00
696,1020.26,1022.61,1017.5,1018.38,953470,1511157600000,2017-11-20 06:00:00
697,1023.31,1035.11,1022.655,1034.49,1096999,1511244000000,2017-11-21 06:00:00
698,1035.0,1039.706,1031.43,1035.96,746878,1511330400000,2017-11-22 06:00:00
699,1035.87,1043.178,1035.0,1040.61,536996,1511503200000,2017-11-24 06:00:00
700,1040.0,1055.46,1038.44,1054.21,1307881,1511762400000,2017-11-27 06:00:00
701,1055.09,1062.375,1040.0,1047.41,1424394,1511848800000,2017-11-28 06:00:00
702,1042.68,1044.08,1015.65,1021.66,2459426,1511935200000,2017-11-29 06:00:00
703,1022.37,1028.4899,1015.0,1021.41,1724031,1512021600000,2017-11-30 06:00:00
704,1015.8,1022.4897,1002.02,1010.17,1909566,1512108000000,2017-12-01 06:00:00
705,1012.66,1016.1,995.57,998.68,1906439,1512367200000,2017-12-04 06:00:00
706,995.94,1020.61,988.28,1005.15,2067318,1512453600000,2017-12-05 06:00:00
707,1001.5,1024.97,1001.14,1018.38,1271964,1512540000000,2017-12-06 06:00:00
708,1020.43,1034.24,1018.071,1030.93,1458242,1512626400000,2017-12-07 06:00:00
709,1037.49,1042.05,1032.5222,1037.05,1290774,1512712800000,2017-12-08 06:00:00
710,1035.5,1043.8,1032.0504,1041.1,1192838,1512972000000,2017-12-11 06:00:00
711,1039.63,1050.31,1033.6897,1040.48,1279659,1513058400000,2017-12-12 06:00:00
712,1046.12,1046.665,1038.38,1040.61,1282677,1513144800000,2017-12-13 06:00:00
713,1045.0,1058.5,1043.11,1049.15,1558835,1513231200000,2017-12-14 06:00:00
714,1054.61,1067.62,1049.5,1064.19,3275931,1513317600000,2017-12-15 06:00:00
715,1066.08,1078.49,1062.0,1077.14,1554552,1513576800000,2017-12-18 06:00:00
716,1075.2,1076.84,1063.55,1070.68,1338725,1513663200000,2017-12-19 06:00:00
717,1071.78,1073.38,1061.52,1064.95,1268582,1513749600000,2017-12-20 06:00:00
718,1064.95,1069.33,1061.7938,1063.63,995703,1513836000000,2017-12-21 06:00:00
719,1061.11,1064.2,1059.44,1060.12,755095,1513922400000,2017-12-22 06:00:00
720,1058.07,1060.12,1050.2,1056.74,761237,1514268000000,2017-12-26 06:00:00
721,1057.39,1058.37,1048.05,1049.37,1271911,1514354400000,2017-12-27 06:00:00
722,1051.6,1054.75,1044.77,1048.14,837121,1514440800000,2017-12-28 06:00:00
723,1046.72,1049.7,1044.9,1046.4,887511,1514527200000,2017-12-29 06:00:00
724,1048.34,1066.94,1045.23,1065.0,1237564,1514872800000,2018-01-02 06:00:00
725,1064.31,1086.29,1063.21,1082.48,1430170,1514959200000,2018-01-03 06:00:00
726,1088.0,1093.5699,1084.0017,1086.4,1004605,1515045600000,2018-01-04 06:00:00
727,1094.0,1104.25,1092.0,1102.23,1279123,1515132000000,2018-01-05 06:00:00
728,1102.23,1111.27,1101.62,1106.94,1047603,1515391200000,2018-01-08 06:00:00
729,1109.4,1110.57,1101.2307,1106.26,902541,1515477600000,2018-01-09 06:00:00
730,1097.1,1104.6,1096.11,1102.61,1042793,1515564000000,2018-01-10 06:00:00
731,1106.3,1106.525,1099.59,1105.52,978292,1515650400000,2018-01-11 06:00:00
732,1102.41,1124.29,1101.15,1122.26,1720533,1515736800000,2018-01-12 06:00:00
733,1132.51,1139.91,1117.8316,1121.76,1575261,1516082400000,2018-01-16 06:00:00
734,1126.22,1132.6,1117.01,1131.98,1202639,1516168800000,2018-01-17 06:00:00
735,1131.41,1132.51,1117.5,1129.79,1198234,1516255200000,2018-01-18 06:00:00
736,1131.83,1137.86,1128.3,1137.51,1778229,1516341600000,2018-01-19 06:00:00
737,1137.49,1159.88,1135.1101,1155.81,1617975,1516600800000,2018-01-22 06:00:00
738,1159.85,1171.6266,1158.75,1169.97,1333056,1516687200000,2018-01-23 06:00:00
739,1177.33,1179.86,1161.05,1164.24,1416625,1516773600000,2018-01-24 06:00:00
740,1172.53,1175.94,1162.76,1170.37,1480540,1516860000000,2018-01-25 06:00:00
741,1175.08,1175.84,1158.11,1175.84,2018755,1516946400000,2018-01-26 06:00:00
742,1176.48,1186.89,1171.98,1175.58,1378913,1517205600000,2018-01-29 06:00:00
743,1167.83,1176.52,1163.52,1163.69,1556346,1517292000000,2018-01-30 06:00:00
744,1170.57,1173.0,1159.13,1169.94,1538688,1517378400000,2018-01-31 06:00:00
745,1162.61,1174.0,1157.52,1167.7,2412114,1517464800000,2018-02-01 06:00:00
746,1122.0,1123.07,1107.2779,1111.9,4857943,1517551200000,2018-02-02 06:00:00
747,1090.6,1110.0,1052.03,1055.8,3798301,1517810400000,2018-02-05 06:00:00
748,1027.18,1081.71,1023.1367,1080.6,3447956,1517896800000,2018-02-06 06:00:00
749,1081.54,1081.78,1048.26,1048.58,2369232,1517983200000,2018-02-07 06:00:00
750,1055.41,1058.62,1000.66,1001.52,2859136,1518069600000,2018-02-08 06:00:00
751,1017.25,1043.97,992.56,1037.78,3505862,1518156000000,2018-02-09 06:00:00
752,1048.0,1061.5,1040.928,1051.94,2057718,1518415200000,2018-02-12 06:00:00
753,1045.0,1058.37,1044.0872,1052.1,1265054,1518501600000,2018-02-13 06:00:00
754,1048.95,1071.72,1046.75,1069.7,1555787,1518588000000,2018-02-14 06:00:00
755,1079.07,1091.4794,1064.34,1089.52,1843442,1518674400000,2018-02-15 06:00:00
756,1088.41,1104.67,1088.3134,1094.8,1681612,1518760800000,2018-02-16 06:00:00
757,1090.57,1113.95,1088.52,1102.46,1423145,1519106400000,2018-02-20 06:00:00
758,1106.47,1133.97,1106.33,1111.34,1512910,1519192800000,2018-02-21 06:00:00
759,1116.19,1122.82,1102.59,1106.63,1317166,1519279200000,2018-02-22 06:00:00
760,1112.64,1127.28,1104.7135,1126.79,1260968,1519365600000,2018-02-23 06:00:00
761,1127.8,1143.96,1126.695,1143.75,1559079,1519624800000,2018-02-26 06:00:00
762,1141.24,1144.04,1118.0,1118.29,1774080,1519711200000,2018-02-27 06:00:00
763,1123.03,1127.53,1103.24,1104.73,1882600,1519797600000,2018-02-28 06:00:00
764,1107.87,1110.12,1067.001,1069.52,2515910,1519884000000,2018-03-01 06:00:00
765,1053.08,1081.9986,1048.115,1078.92,2271551,1519970400000,2018-03-02 06:00:00
766,1075.14,1097.1,1069.0001,1090.93,1202174,1520229600000,2018-03-05 06:00:00
767,1099.22,1101.85,1089.775,1095.06,1532783,1520316000000,2018-03-06 06:00:00
768,1089.19,1112.22,1085.4823,1109.64,1292537,1520402400000,2018-03-07 06:00:00
769,1115.32,1127.6,1112.8,1126.0,1355125,1520488800000,2018-03-08 06:00:00
770,1136.0,1160.8,1132.4606,1160.04,2128038,1520575200000,2018-03-09 06:00:00
771,1163.85,1177.05,1157.42,1164.5,2172272,1520830800000,2018-03-12 05:00:00
772,1170.0,1176.76,1133.33,1138.17,1907171,1520917200000,2018-03-13 05:00:00
773,1145.21,1158.59,1141.44,1149.49,1291415,1521003600000,2018-03-14 05:00:00
774,1149.96,1161.08,1134.54,1149.58,1472226,1521090000000,2018-03-15 05:00:00
775,1154.14,1155.88,1131.96,1135.73,3091954,1521176400000,2018-03-16 05:00:00
776,1120.01,1121.99,1089.01,1099.82,2805937,1521435600000,2018-03-19 05:00:00
777,1099.0,1105.2,1083.46,1097.71,1831896,1521522000000,2018-03-20 05:00:00
778,1092.74,1106.2999,1085.15,1090.88,1878873,1521608400000,2018-03-21 05:00:00
779,1081.88,1082.9,1045.91,1049.08,2666964,1521694800000,2018-03-22 05:00:00
780,1047.03,1063.36,1021.22,1021.57,2156672,1521781200000,2018-03-23 05:00:00
781,1046.0,1055.63,1008.4,1053.21,2665131,1522040400000,2018-03-26 05:00:00
782,1063.0,1064.8393,996.92,1005.1,3095315,1522126800000,2018-03-27 05:00:00
783,998.0,1024.23,980.64,1004.56,3369275,1522213200000,2018-03-28 05:00:00
784,1011.63,1043.0,1002.9,1031.79,2726830,1522299600000,2018-03-29 05:00:00
785,1022.82,1034.8,990.37,1006.47,2680400,1522645200000,2018-04-02 05:00:00
786,1013.91,1020.99,994.07,1013.41,2275076,1522731600000,2018-04-03 05:00:00
787,993.41,1028.7175,993.0,1025.14,2484651,1522818000000,2018-04-04 05:00:00
788,1041.33,1042.79,1020.1311,1027.81,1363049,1522904400000,2018-04-05 05:00:00
789,1020.0,1031.42,1003.03,1007.04,1746430,1522990800000,2018-04-06 05:00:00
790,1016.8,1039.6,1014.08,1015.45,1751559,1523250000000,2018-04-09 05:00:00
791,1026.44,1036.28,1011.34,1031.64,2029648,1523336400000,2018-04-10 05:00:00
792,1027.99,1031.3641,1015.87,1019.97,1483881,1523422800000,2018-04-11 05:00:00
793,1025.04,1040.69,1021.4347,1032.51,1359389,1523509200000,2018-04-12 05:00:00
794,1040.88,1046.42,1022.98,1029.27,1223017,1523595600000,2018-04-13 05:00:00
795,1037.0,1043.24,1026.74,1037.98,1211208,1523854800000,2018-04-16 05:00:00
796,1051.37,1077.88,1048.26,1074.16,2320266,1523941200000,2018-04-17 05:00:00
797,1077.43,1077.43,1066.225,1072.08,1344138,1524027600000,2018-04-18 05:00:00
798,1069.4,1094.165,1068.18,1087.7,1747671,1524114000000,2018-04-19 05:00:00
799,1082.0,1092.35,1069.57,1072.96,1889686,1524200400000,2018-04-20 05:00:00
800,1077.86,1082.72,1060.7,1067.45,2341258,1524459600000,2018-04-23 05:00:00
801,1052.0,1057.0,1010.59,1019.98,4760260,1524546000000,2018-04-24 05:00:00
802,1025.52,1032.49,1015.31,1021.18,2391105,1524632400000,2018-04-25 05:00:00
803,1029.51,1047.98,1018.19,1040.04,2079533,1524718800000,2018-04-26 05:00:00
804,1046.0,1049.5,1025.59,1030.05,1619796,1524805200000,2018-04-27 05:00:00
805,1030.01,1037.0,1016.85,1017.33,1671254,1525064400000,2018-04-30 05:00:00
806,1013.66,1038.47,1008.21,1037.31,1427857,1525150800000,2018-05-01 05:00:00
807,1028.1,1040.389,1022.87,1024.38,1603081,1525237200000,2018-05-02 05:00:00
808,1019.0,1029.675,1006.29,1023.72,1815058,1525323600000,2018-05-03 05:00:00
809,1016.9,1048.51,1016.9,1048.21,1938658,1525410000000,2018-05-04 05:00:00
810,1049.23,1061.68,1047.1,1054.79,1466065,1525669200000,2018-05-07 05:00:00
811,1058.54,1060.55,1047.145,1053.91,1217721,1525755600000,2018-05-08 05:00:00
812,1058.1,1085.44,1056.365,1082.76,2032818,1525842000000,2018-05-09 05:00:00
813,1086.03,1100.44,1085.64,1097.57,1443025,1525928400000,2018-05-10 05:00:00
814,1093.6,1101.3295,1090.91,1098.26,1253665,1526014800000,2018-05-11 05:00:00
815,1100.0,1110.75,1099.11,1100.2,1518077,1526274000000,2018-05-14 05:00:00
816,1090.0,1090.05,1073.47,1079.23,1494872,1526360400000,2018-05-15 05:00:00
817,1077.31,1089.27,1076.26,1081.77,1097317,1526446800000,2018-05-16 05:00:00
818,1079.89,1086.87,1073.5,1078.59,1043766,1526533200000,2018-05-17 05:00:00
819,1061.86,1069.94,1060.68,1066.36,1565240,1526619600000,2018-05-18 05:00:00
820,1074.06,1088.0,1073.65,1079.58,1023211,1526878800000,2018-05-21 05:00:00
821,1083.56,1086.59,1066.69,1069.73,1090002,1526965200000,2018-05-22 05:00:00
822,1065.13,1080.78,1061.71,1079.69,1060683,1527051600000,2018-05-23 05:00:00
823,1079.0,1080.47,1066.15,1079.24,766773,1527138000000,2018-05-24 05:00:00
824,1079.02,1082.56,1073.775,1075.66,899406,1527224400000,2018-05-25 05:00:00
825,1064.89,1073.37,1055.22,1060.32,1865139,1527570000000,2018-05-29 05:00:00
826,1063.03,1069.21,1056.83,1067.8,1138457,1527656400000,2018-05-30 05:00:00
827,1067.56,1097.19,1067.56,1084.99,3088305,1527742800000,2018-05-31 05:00:00
828,1099.35,1120.0,1098.5,1119.5,2421598,1527829200000,2018-06-01 05:00:00
829,1122.33,1141.89,1122.005,1139.29,1889579,1528088400000,2018-06-04 05:00:00
830,1140.99,1145.738,1133.19,1139.66,1677973,1528174800000,2018-06-05 05:00:00
831,1142.17,1143.0,1125.7429,1136.88,1698247,1528261200000,2018-06-06 05:00:00
832,1131.32,1135.82,1116.52,1123.86,1520020,1528347600000,2018-06-07 05:00:00
833,1118.18,1126.67,1112.15,1120.87,1290845,1528434000000,2018-06-08 05:00:00
834,1118.6,1137.26,1118.6,1129.99,1079294,1528693200000,2018-06-11 05:00:00
835,1131.07,1139.79,1130.735,1139.32,912018,1528779600000,2018-06-12 05:00:00
836,1141.12,1146.5,1133.38,1134.79,1506407,1528866000000,2018-06-13 05:00:00
837,1143.85,1155.47,1140.64,1152.12,1350868,1528952400000,2018-06-14 05:00:00
838,1148.86,1153.42,1143.485,1152.26,2122476,1529038800000,2018-06-15 05:00:00
839,1143.65,1174.31,1143.59,1173.46,1413692,1529298000000,2018-06-18 05:00:00
840,1158.5,1171.27,1154.01,1168.06,1621018,1529384400000,2018-06-19 05:00:00
841,1175.31,1186.2856,1169.16,1169.84,1648536,1529470800000,2018-06-20 05:00:00
842,1174.85,1177.295,1152.232,1157.66,1238118,1529557200000,2018-06-21 05:00:00
843,1159.14,1162.4965,1147.26,1155.48,1310967,1529643600000,2018-06-22 05:00:00
844,1143.6,1143.91,1112.78,1124.81,2157310,1529902800000,2018-06-25 05:00:00
845,1128.0,1133.21,1116.6589,1118.46,1563225,1529989200000,2018-06-26 05:00:00
846,1121.34,1131.8362,1103.62,1103.98,1293892,1530075600000,2018-06-27 05:00:00
847,1102.09,1122.31,1096.01,1114.22,1072438,1530162000000,2018-06-28 05:00:00
848,1120.0,1128.2265,1115.0,1115.65,1315121,1530248400000,2018-06-29 05:00:00
849,1099.0,1128.0,1093.8,1127.46,1217311,1530507600000,2018-07-02 05:00:00
850,1135.82,1135.82,1100.02,1102.89,679034,1530594000000,2018-07-03 05:00:00
851,1110.53,1127.5,1108.48,1124.27,1066685,1530766800000,2018-07-05 05:00:00
852,1123.58,1140.93,1120.7371,1140.17,996079,1530853200000,2018-07-06 05:00:00
853,1148.48,1154.67,1143.42,1154.05,908969,1531112400000,2018-07-09 05:00:00
854,1156.98,1159.59,1149.59,1152.84,798412,1531198800000,2018-07-10 05:00:00
855,1144.59,1164.29,1141.0003,1153.9,1119993,1531285200000,2018-07-11 05:00:00
856,1159.89,1184.41,1155.935,1183.48,1251884,1531371600000,2018-07-12 05:00:00
857,1185.0,1195.4173,1180.0,1188.82,1222072,1531458000000,2018-07-13 05:00:00
858,1189.39,1191.0,1179.28,1183.86,1055662,1531717200000,2018-07-16 05:00:00
859,1172.22,1203.04,1170.6,1198.8,1610353,1531803600000,2018-07-17 05:00:00
860,1196.56,1204.5,1190.34,1195.88,1393606,1531890000000,2018-07-18 05:00:00
861,1191.0,1200.0,1183.32,1186.96,1276667,1531976400000,2018-07-19 05:00:00
862,1186.96,1196.86,1184.22,1184.91,1248400,1532062800000,2018-07-20 05:00:00
863,1181.01,1206.49,1181.0,1205.5,2619234,1532322000000,2018-07-23 05:00:00
864,1262.59,1266.0,1235.56,1248.08,3318204,1532408400000,2018-07-24 05:00:00
865,1239.13,1265.86,1239.13,1263.7,2139999,1532494800000,2018-07-25 05:00:00
866,1251.0,1269.7707,1249.02,1268.33,2405638,1532581200000,2018-07-26 05:00:00
867,1271.0,1273.89,1231.0,1238.5,2130558,1532667600000,2018-07-27 05:00:00
868,1228.01,1234.916,1211.47,1219.74,1849904,1532926800000,2018-07-30 05:00:00
869,1220.01,1227.5877,1205.6,1217.26,1644722,1533013200000,2018-07-31 05:00:00
870,1228.0,1233.47,1210.21,1220.01,1567264,1533099600000,2018-08-01 05:00:00
871,1205.9,1229.88,1204.79,1226.15,1531299,1533186000000,2018-08-02 05:00:00
872,1229.62,1230.0,1215.06,1223.71,1089896,1533272400000,2018-08-03 05:00:00
873,1225.0,1226.0876,1215.7965,1224.77,1081723,1533531600000,2018-08-06 05:00:00
874,1237.0,1251.17,1236.17,1242.22,1493980,1533618000000,2018-08-07 05:00:00
875,1240.47,1256.5,1238.0083,1245.61,1370913,1533704400000,2018-08-08 05:00:00
876,1249.9,1255.542,1246.01,1249.1,848601,1533790800000,2018-08-09 05:00:00
877,1243.0,1245.695,1232.0,1237.61,1108919,1533877200000,2018-08-10 05:00:00
878,1236.98,1249.2728,1233.6405,1235.01,997346,1534136400000,2018-08-13 05:00:00
879,1235.19,1245.8695,1225.11,1242.1,1348194,1534222800000,2018-08-14 05:00:00
880,1229.26,1235.24,1209.51,1214.38,1828814,1534309200000,2018-08-15 05:00:00
881,1224.73,1225.9999,1202.55,1206.49,1343161,1534395600000,2018-08-16 05:00:00
882,1202.03,1209.02,1188.24,1200.96,1389645,1534482000000,2018-08-17 05:00:00
883,1205.02,1211.0,1194.6264,1207.77,870772,1534741200000,2018-08-20 05:00:00
884,1208.0,1217.26,1200.3537,1201.62,1205580,1534827600000,2018-08-21 05:00:00
885,1200.0,1211.84,1199.0,1207.33,887389,1534914000000,2018-08-22 05:00:00
886,1207.14,1221.28,1204.24,1205.38,992604,1535000400000,2018-08-23 05:00:00
887,1208.82,1221.65,1206.3588,1220.65,946840,1535086800000,2018-08-24 05:00:00
888,1227.6,1243.09,1225.716,1241.82,1156255,1535346000000,2018-08-27 05:00:00
889,1241.29,1242.545,1228.69,1231.15,1304007,1535432400000,2018-08-28 05:00:00
890,1237.45,1250.66,1236.3588,1249.3,1309312,1535518800000,2018-08-29 05:00:00
891,1244.23,1253.635,1232.59,1239.12,1331439,1535605200000,2018-08-30 05:00:00
892,1234.98,1238.66,1211.2854,1218.19,1816426,1535691600000,2018-08-31 05:00:00
893,1204.27,1212.99,1192.5,1197.0,1831045,1536037200000,2018-09-04 05:00:00
894,1193.8,1199.0096,1162.0,1186.48,2061309,1536123600000,2018-09-05 05:00:00
895,1186.3,1186.3,1152.0,1171.44,1888467,1536210000000,2018-09-06 05:00:00
896,1158.67,1175.26,1157.215,1164.83,1401404,1536296400000,2018-09-07 05:00:00
897,1172.19,1174.54,1160.11,1164.64,1115796,1536555600000,2018-09-10 05:00:00
898,1161.63,1178.68,1156.24,1177.36,1209565,1536642000000,2018-09-11 05:00:00
899,1172.72,1178.61,1158.36,1162.82,1295472,1536728400000,2018-09-12 05:00:00
900,1170.74,1178.61,1162.85,1175.33,1431214,1536814800000,2018-09-13 05:00:00
901,1179.1,1180.425,1168.3295,1172.53,943978,1536901200000,2018-09-14 05:00:00
902,1170.14,1177.24,1154.03,1156.05,1306522,1537160400000,2018-09-17 05:00:00
903,1157.09,1176.08,1157.09,1161.22,1203686,1537246800000,2018-09-18 05:00:00
904,1164.98,1173.21,1154.58,1171.09,1191386,1537333200000,2018-09-19 05:00:00
905,1179.99,1189.89,1173.36,1186.87,1225387,1537419600000,2018-09-20 05:00:00
906,1192.0,1192.21,1166.04,1166.09,4405584,1537506000000,2018-09-21 05:00:00
907,1157.17,1178.0,1146.91,1173.37,1271017,1537765200000,2018-09-24 05:00:00
908,1176.15,1186.88,1168.0,1184.65,977731,1537851600000,2018-09-25 05:00:00
909,1185.15,1194.23,1174.765,1180.49,1462253,1537938000000,2018-09-26 05:00:00
910,1186.73,1202.1,1183.63,1194.64,1260754,1538024400000,2018-09-27 05:00:00
911,1191.87,1195.41,1184.5,1193.47,1380629,1538110800000,2018-09-28 05:00:00
912,1199.89,1209.9,1190.3,1195.31,1357604,1538370000000,2018-10-01 05:00:00
913,1190.96,1209.96,1186.63,1200.11,1687914,1538456400000,2018-10-02 05:00:00
914,1205.0,1206.41,1193.83,1202.95,1256214,1538542800000,2018-10-03 05:00:00
915,1195.33,1197.51,1155.576,1168.19,2209490,1538629200000,2018-10-04 05:00:00
916,1167.5,1173.4999,1145.12,1157.35,1184452,1538715600000,2018-10-05 05:00:00
917,1150.11,1168.0,1127.3636,1148.97,1932355,1538974800000,2018-10-08 05:00:00
918,1146.15,1154.35,1137.572,1138.82,1308764,1539061200000,2018-10-09 05:00:00
919,1131.08,1132.17,1081.13,1081.22,2675742,1539147600000,2018-10-10 05:00:00
920,1072.94,1106.4,1068.27,1079.32,2950120,1539234000000,2018-10-11 05:00:00
921,1108.0,1115.0,1086.402,1110.08,2101303,1539320400000,2018-10-12 05:00:00
922,1108.91,1113.4464,1089.0,1092.25,1372393,1539579600000,2018-10-15 05:00:00
923,1104.59,1124.22,1102.5,1121.28,1928540,1539666000000,2018-10-16 05:00:00
924,1126.46,1128.99,1102.19,1115.69,1467226,1539752400000,2018-10-17 05:00:00
925,1121.84,1121.84,1077.09,1087.97,2094524,1539838800000,2018-10-18 05:00:00
926,1093.37,1110.36,1087.75,1096.46,1267649,1539925200000,2018-10-19 05:00:00
927,1103.06,1112.23,1091.0,1101.16,1514220,1540184400000,2018-10-22 05:00:00
928,1080.89,1107.89,1070.0,1103.69,1848654,1540270800000,2018-10-23 05:00:00
929,1104.25,1106.12,1048.74,1050.71,1982430,1540357200000,2018-10-24 05:00:00
930,1071.79,1110.98,1069.55,1095.57,2545839,1540443600000,2018-10-25 05:00:00
931,1037.03,1106.53,1034.09,1071.47,4187586,1540530000000,2018-10-26 05:00:00
932,1082.47,1097.04,995.83,1020.08,3880723,1540789200000,2018-10-29 05:00:00
933,1008.46,1037.49,1000.75,1036.21,3212657,1540875600000,2018-10-30 05:00:00
934,1059.81,1091.94,1057.0,1076.77,2529768,1540962000000,2018-10-31 05:00:00
935,1075.8,1083.975,1062.46,1070.0,1481979,1541048400000,2018-11-01 05:00:00
936,1073.73,1082.975,1054.61,1057.79,1838513,1541134800000,2018-11-02 05:00:00
937,1055.0,1058.47,1021.24,1040.09,2441430,1541397600000,2018-11-05 06:00:00
938,1039.48,1064.345,1038.07,1055.81,1233306,1541484000000,2018-11-06 06:00:00
939,1069.0,1095.46,1065.9,1093.39,2058356,1541570400000,2018-11-07 06:00:00
940,1091.38,1093.27,1072.2048,1082.4,1488182,1541656800000,2018-11-08 06:00:00
941,1073.99,1075.56,1053.11,1066.15,1343313,1541743200000,2018-11-09 06:00:00
942,1061.39,1062.12,1031.0,1038.63,1471758,1542002400000,2018-11-12 06:00:00
943,1043.29,1056.605,1031.15,1036.05,1513702,1542088800000,2018-11-13 06:00:00
944,1050.0,1054.5643,1031.0,1043.66,1565945,1542175200000,2018-11-14 06:00:00
945,1044.71,1071.85,1031.78,1064.71,1836084,1542261600000,2018-11-15 06:00:00
946,1059.41,1067.0,1048.98,1061.49,1658116,1542348000000,2018-11-16 06:00:00
947,1057.2,1060.79,1016.2601,1020.0,1858614,1542607200000,2018-11-19 06:00:00
948,1000.0,1031.74,996.02,1025.76,2449130,1542693600000,2018-11-20 06:00:00
949,1036.76,1048.56,1033.47,1037.61,1534274,1542780000000,2018-11-21 06:00:00
950,1030.0,1037.59,1022.3992,1023.88,691462,1542952800000,2018-11-23 06:00:00
951,1038.35,1049.31,1033.91,1048.62,1942822,1543212000000,2018-11-26 06:00:00
952,1041.0,1057.58,1038.49,1044.41,1803164,1543298400000,2018-11-27 06:00:00
953,1048.76,1086.84,1035.76,1086.23,2475419,1543384800000,2018-11-28 06:00:00
954,1076.08,1094.245,1076.0,1088.3,1468859,1543471200000,2018-11-29 06:00:00
955,1089.07,1095.57,1077.88,1094.43,2580612,1543557600000,2018-11-30 06:00:00
956,1123.14,1124.65,1103.6645,1106.43,1990758,1543816800000,2018-12-03 06:00:00
957,1103.12,1104.42,1049.98,1050.82,2345166,1543903200000,2018-12-04 06:00:00
958,1034.26,1071.2,1030.7701,1068.73,2769225,1544076000000,2018-12-06 06:00:00
959,1060.01,1075.26,1028.5,1036.58,2101206,1544162400000,2018-12-07 06:00:00
960,1035.05,1048.45,1023.29,1039.55,1807725,1544421600000,2018-12-10 06:00:00
961,1056.49,1060.6,1039.84,1051.75,1394731,1544508000000,2018-12-11 06:00:00
962,1068.0,1081.65,1062.79,1063.68,1523804,1544594400000,2018-12-12 06:00:00
963,1068.07,1079.7597,1053.93,1061.9,1329768,1544680800000,2018-12-13 06:00:00
964,1049.98,1062.6,1040.79,1042.1,1686619,1544767200000,2018-12-14 06:00:00
965,1037.51,1053.15,1007.9,1016.53,2385364,1545026400000,2018-12-17 06:00:00
966,1026.09,1049.48,1021.44,1028.71,2192533,1545112800000,2018-12-18 06:00:00
967,1033.99,1062.0,1008.05,1023.01,2479338,1545199200000,2018-12-19 06:00:00
968,1018.13,1034.22,996.36,1009.41,2673464,1545285600000,2018-12-20 06:00:00
969,1015.3,1024.02,973.69,979.54,4595891,1545372000000,2018-12-21 06:00:00
970,973.9,1003.54,970.11,976.22,1590328,1545631200000,2018-12-24 06:00:00
971,989.01,1040.0,983.0,1039.46,2373270,1545804000000,2018-12-26 06:00:00
972,1017.15,1043.89,997.0,1043.88,2109777,1545890400000,2018-12-27 06:00:00
973,1049.62,1055.56,1033.1,1037.08,1413772,1545976800000,2018-12-28 06:00:00
974,1050.96,1052.7,1023.59,1035.61,1493722,1546236000000,2018-12-31 06:00:00
975,1016.57,1052.32,1015.71,1045.85,1532608,1546408800000,2019-01-02 06:00:00
976,1041.0,1056.98,1014.07,1016.06,1841066,1546495200000,2019-01-03 06:00:00
977,1032.59,1070.84,1027.4179,1070.71,2093894,1546581600000,2019-01-04 06:00:00
978,1071.5,1073.9999,1054.76,1068.39,1981874,1546840800000,2019-01-07 06:00:00
979,1076.11,1084.56,1060.53,1076.28,1765267,1546927200000,2019-01-08 06:00:00
980,1081.65,1082.63,1066.4,1074.66,1199272,1547013600000,2019-01-09 06:00:00
981,1067.66,1071.15,1057.71,1070.33,1456421,1547100000000,2019-01-10 06:00:00
982,1063.18,1063.775,1048.48,1057.19,1520756,1547186400000,2019-01-11 06:00:00
983,1046.92,1051.53,1041.255,1044.69,1144263,1547445600000,2019-01-14 06:00:00
984,1050.17,1080.05,1047.34,1077.15,1463570,1547532000000,2019-01-15 06:00:00
985,1080.0,1092.375,1079.34,1080.97,1331819,1547618400000,2019-01-16 06:00:00
986,1079.47,1091.8,1073.5,1089.9,1242664,1547704800000,2019-01-17 06:00:00
987,1100.0,1108.352,1090.9,1098.26,1955559,1547791200000,2019-01-18 06:00:00
988,1088.0,1091.51,1063.47,1070.52,1613527,1548136800000,2019-01-22 06:00:00
989,1077.35,1084.93,1059.75,1075.57,966956,1548223200000,2019-01-23 06:00:00
990,1076.48,1079.475,1060.7,1073.9,1361673,1548309600000,2019-01-24 06:00:00
991,1085.0,1094.0,1081.82,1090.99,1119216,1548396000000,2019-01-25 06:00:00
992,1080.11,1083.0,1063.8,1070.08,1284281,1548655200000,2019-01-28 06:00:00
993,1072.68,1075.15,1055.8647,1060.62,1021819,1548741600000,2019-01-29 06:00:00
994,1068.43,1091.0,1066.85,1089.06,1279822,1548828000000,2019-01-30 06:00:00
995,1103.0,1117.33,1095.41,1116.37,1538324,1548914400000,2019-01-31 06:00:00
996,1112.4,1125.0,1104.89,1110.75,1462208,1549000800000,2019-02-01 06:00:00
997,1112.66,1132.8,1109.02,1132.8,2576470,1549260000000,2019-02-04 06:00:00
998,1124.84,1146.85,1117.248,1145.99,3552194,1549346400000,2019-02-05 06:00:00
999,1139.57,1147.0,1112.77,1115.23,2105592,1549432800000,2019-02-06 06:00:00
1000,1104.16,1104.84,1086.0,1098.71,2044827,1549519200000,2019-02-07 06:00:00
1001,1087.0,1098.91,1086.55,1095.06,1075769,1549605600000,2019-02-08 06:00:00
1002,1096.95,1105.945,1092.86,1095.01,1065194,1549864800000,2019-02-11 06:00:00
1003,1106.8,1125.295,1105.85,1121.37,1609513,1549951200000,2019-02-12 06:00:00
1004,1124.99,1134.73,1118.5,1120.16,1049781,1550037600000,2019-02-13 06:00:00
1005,1118.05,1128.23,1110.445,1121.67,947632,1550124000000,2019-02-14 06:00:00
1006,1130.08,1131.67,1110.65,1113.65,1449830,1550210400000,2019-02-15 06:00:00
1007,1110.0,1121.89,1110.0,1118.56,1046628,1550556000000,2019-02-19 06:00:00
1008,1119.99,1123.41,1105.28,1113.8,1087817,1550642400000,2019-02-20 06:00:00
1009,1110.84,1111.94,1092.52,1096.97,1415473,1550728800000,2019-02-21 06:00:00
1010,1100.9,1111.24,1095.6,1110.37,1049545,1550815200000,2019-02-22 06:00:00
1011,1116.0,1118.54,1107.27,1109.4,1413061,1551074400000,2019-02-25 06:00:00
1012,1105.75,1119.51,1099.92,1115.13,1471743,1551160800000,2019-02-26 06:00:00
1013,1106.95,1117.98,1101.0,1116.05,968760,1551247200000,2019-02-27 06:00:00
1014,1111.3,1127.65,1111.01,1119.92,1542609,1551333600000,2019-02-28 06:00:00
1015,1124.9,1142.97,1124.75,1140.99,1450316,1551420000000,2019-03-01 06:00:00
1016,1146.99,1158.2804,1130.69,1147.8,1446047,1551679200000,2019-03-04 06:00:00
1017,1150.06,1169.61,1146.195,1162.03,1443174,1551765600000,2019-03-05 06:00:00
1018,1162.49,1167.5658,1155.49,1157.86,1099289,1551852000000,2019-03-06 06:00:00
1019,1155.72,1156.755,1134.91,1143.3,1166559,1551938400000,2019-03-07 06:00:00
1020,1126.73,1147.08,1123.3,1142.32,1212489,1552024800000,2019-03-08 06:00:00
1021,1144.45,1176.19,1144.45,1175.76,1719192,1552280400000,2019-03-11 05:00:00
1022,1178.26,1200.0,1178.26,1193.2,2013115,1552366800000,2019-03-12 05:00:00
1023,1200.645,1200.93,1191.94,1193.32,1435936,1552453200000,2019-03-13 05:00:00
1024,1194.51,1197.88,1184.48,1185.55,1172815,1552539600000,2019-03-14 05:00:00
1025,1193.38,1196.57,1182.61,1184.46,2459957,1552626000000,2019-03-15 05:00:00
1026,1183.3,1190.0,1177.4211,1184.26,1292633,1552885200000,2019-03-18 05:00:00
1027,1188.81,1200.0,1185.87,1198.85,1520688,1552971600000,2019-03-19 05:00:00
1028,1197.35,1227.14,1196.17,1223.97,2227786,1553058000000,2019-03-20 05:00:00
1029,1216.0,1231.79,1213.15,1231.54,1204045,1553144400000,2019-03-21 05:00:00
1030,1226.32,1230.0,1202.825,1205.5,1713358,1553230800000,2019-03-22 05:00:00
1031,1196.93,1206.3975,1187.04,1193.0,1496843,1553490000000,2019-03-25 05:00:00
1032,1198.53,1202.83,1176.72,1184.62,1901156,1553576400000,2019-03-26 05:00:00
1033,1185.5,1187.559,1159.37,1173.02,1400240,1553662800000,2019-03-27 05:00:00
1034,1171.54,1171.565,1159.4312,1168.49,1012430,1553749200000,2019-03-28 05:00:00
1035,1174.9,1178.99,1162.88,1173.31,1269979,1553835600000,2019-03-29 05:00:00
1036,1184.1,1196.66,1182.0,1194.43,1252757,1554094800000,2019-04-01 05:00:00
1037,1195.32,1201.35,1185.71,1200.49,827973,1554181200000,2019-04-02 05:00:00
1038,1207.48,1216.3,1200.5,1205.92,1017838,1554267600000,2019-04-03 05:00:00
1039,1205.94,1215.67,1204.13,1215.0,950747,1554354000000,2019-04-04 05:00:00
1040,1214.99,1216.22,1205.03,1207.15,907152,1554440400000,2019-04-05 05:00:00
1041,1207.89,1208.69,1199.86,1203.84,860363,1554699600000,2019-04-08 05:00:00
1042,1196.0,1202.29,1193.08,1197.25,876381,1554786000000,2019-04-09 05:00:00
1043,1200.68,1203.785,1196.435,1202.16,724643,1554872400000,2019-04-10 05:00:00
1044,1203.96,1207.96,1200.13,1204.62,710231,1554958800000,2019-04-11 05:00:00
1045,1210.0,1218.35,1208.11,1217.87,933794,1555045200000,2019-04-12 05:00:00
1046,1218.0,1224.2,1209.1101,1221.1,1187519,1555304400000,2019-04-15 05:00:00
1047,1225.0,1230.82,1220.12,1227.13,856304,1555390800000,2019-04-16 05:00:00
1048,1233.0,1240.56,1227.82,1236.34,1221930,1555477200000,2019-04-17 05:00:00
1049,1239.18,1242.0,1234.61,1236.37,1331823,1555563600000,2019-04-18 05:00:00
1050,1235.99,1249.09,1228.31,1248.84,807334,1555909200000,2019-04-22 05:00:00
1051,1250.69,1269.0,1246.38,1264.55,1319910,1555995600000,2019-04-23 05:00:00
1052,1264.12,1268.01,1255.0,1256.0,1018753,1556082000000,2019-04-24 05:00:00
1053,1264.77,1267.4083,1252.03,1263.45,1107295,1556168400000,2019-04-25 05:00:00
1054,1269.0,1273.07,1260.32,1272.18,1241428,1556254800000,2019-04-26 05:00:00
1055,1274.0,1289.27,1266.2949,1287.58,2499432,1556514000000,2019-04-29 05:00:00
1056,1185.0,1192.81,1175.0,1188.48,6207027,1556600400000,2019-04-30 05:00:00
1057,1188.05,1188.05,1167.18,1168.08,2642983,1556686800000,2019-05-01 05:00:00
1058,1167.76,1174.1895,1155.0018,1162.61,1944817,1556773200000,2019-05-02 05:00:00
1059,1173.65,1186.8,1169.0,1185.4,1980653,1556859600000,2019-05-03 05:00:00
1060,1166.26,1190.85,1166.26,1189.39,1563943,1557118800000,2019-05-06 05:00:00
1061,1180.47,1190.44,1161.04,1174.1,1551368,1557205200000,2019-05-07 05:00:00
1062,1172.01,1180.4243,1165.74,1166.27,1309514,1557291600000,2019-05-08 05:00:00
1063,1159.03,1169.66,1150.85,1162.38,1185973,1557378000000,2019-05-09 05:00:00
1064,1163.59,1172.6,1142.5,1164.27,1314546,1557464400000,2019-05-10 05:00:00
1065,1141.96,1147.94,1122.11,1132.03,1860648,1557723600000,2019-05-13 05:00:00
1066,1137.21,1140.42,1119.55,1120.44,1836604,1557810000000,2019-05-14 05:00:00
1067,1117.87,1171.33,1116.6657,1164.21,2289302,1557896400000,2019-05-15 05:00:00
1068,1164.51,1188.16,1162.84,1178.98,1531404,1557982800000,2019-05-16 05:00:00
1069,1168.47,1180.15,1160.01,1162.3,1208623,1558069200000,2019-05-17 05:00:00
1070,1144.5,1146.7967,1131.4425,1138.85,1353292,1558328400000,2019-05-20 05:00:00
1071,1148.49,1152.7077,1137.94,1149.63,1160158,1558414800000,2019-05-21 05:00:00
1072,1146.75,1158.52,1145.89,1151.42,914839,1558501200000,2019-05-22 05:00:00
1073,1140.5,1145.9725,1129.224,1140.77,1199300,1558587600000,2019-05-23 05:00:00
1074,1147.36,1149.765,1131.66,1133.47,1112341,1558674000000,2019-05-24 05:00:00
1075,1134.0,1151.5871,1133.12,1134.15,1365166,1559019600000,2019-05-28 05:00:00
1076,1127.52,1129.1,1108.2201,1116.46,1538212,1559106000000,2019-05-29 05:00:00
1077,1115.54,1123.13,1112.12,1117.95,951873,1559192400000,2019-05-30 05:00:00
1078,1101.29,1109.6,1100.18,1103.63,1508203,1559278800000,2019-05-31 05:00:00
1079,1065.5,1065.5,1025.0,1036.23,5130576,1559538000000,2019-06-03 05:00:00
1080,1042.9,1056.05,1033.69,1053.05,2833483,1559624400000,2019-06-04 05:00:00
1081,1051.54,1053.55,1030.49,1042.22,2168439,1559710800000,2019-06-05 05:00:00
1082,1044.99,1047.49,1033.7,1044.34,1703244,1559797200000,2019-06-06 05:00:00
1083,1050.63,1070.92,1048.4,1066.04,1802370,1559883600000,2019-06-07 05:00:00
1084,1072.98,1092.66,1072.3216,1080.38,1464248,1560142800000,2019-06-10 05:00:00
1085,1093.98,1101.99,1077.6025,1078.72,1437063,1560229200000,2019-06-11 05:00:00
1086,1078.0,1080.93,1067.54,1077.03,1061255,1560315600000,2019-06-12 05:00:00
1087,1083.64,1094.17,1080.15,1088.77,1058000,1560402000000,2019-06-13 05:00:00
1088,1086.42,1092.69,1080.1721,1085.35,1111643,1560488400000,2019-06-14 05:00:00
1089,1086.28,1099.18,1086.28,1092.5,941602,1560747600000,2019-06-17 05:00:00
1090,1109.69,1116.39,1098.99,1103.6,1386684,1560834000000,2019-06-18 05:00:00
1091,1105.6,1107.0,1093.48,1102.33,1339218,1560920400000,2019-06-19 05:00:00
1092,1119.99,1120.12,1104.74,1111.42,1262011,1561006800000,2019-06-20 05:00:00
1093,1109.24,1124.11,1108.08,1121.88,1947591,1561093200000,2019-06-21 05:00:00
1094,1119.61,1122.0,1111.01,1115.52,1395696,1561352400000,2019-06-24 05:00:00
1095,1112.66,1114.35,1083.8,1086.35,1546913,1561438800000,2019-06-25 05:00:00
1096,1086.5,1092.97,1072.24,1079.8,1810869,1561525200000,2019-06-26 05:00:00
1097,1084.0,1087.1,1075.29,1076.01,1004477,1561611600000,2019-06-27 05:00:00
1098,1076.39,1081.0,1073.37,1080.91,1693450,1561698000000,2019-06-28 05:00:00
1099,1098.0,1107.58,1093.703,1097.95,1438504,1561957200000,2019-07-01 05:00:00
1100,1102.24,1111.77,1098.17,1111.25,991755,1562043600000,2019-07-02 05:00:00
1101,1117.41,1126.76,1113.86,1121.58,767011,1562130000000,2019-07-03 05:00:00
1102,1117.8,1132.88,1116.14,1131.59,1264540,1562302800000,2019-07-05 05:00:00
1103,1125.17,1125.98,1111.21,1116.35,1236419,1562562000000,2019-07-08 05:00:00
1104,1111.8,1128.025,1107.17,1124.83,1330370,1562648400000,2019-07-09 05:00:00
1105,1131.22,1142.05,1130.97,1140.48,1209466,1562734800000,2019-07-10 05:00:00
1106,1143.25,1153.07,1139.58,1144.21,1195569,1562821200000,2019-07-11 05:00:00
1107,1143.99,1147.34,1138.78,1144.9,863973,1562907600000,2019-07-12 05:00:00
1108,1146.86,1150.82,1139.4,1150.34,903780,1563166800000,2019-07-15 05:00:00
1109,1146.0,1158.58,1145.0,1153.58,1238807,1563253200000,2019-07-16 05:00:00
1110,1150.97,1158.36,1145.77,1146.35,1170047,1563339600000,2019-07-17 05:00:00
1111,1141.74,1147.605,1132.73,1146.33,1291281,1563426000000,2019-07-18 05:00:00
1112,1148.19,1151.14,1129.62,1130.1,1647245,1563512400000,2019-07-19 05:00:00
1113,1133.45,1139.25,1124.24,1138.07,1301846,1563771600000,2019-07-22 05:00:00
1114,1144.0,1146.9,1131.8,1146.21,1093688,1563858000000,2019-07-23 05:00:00
1115,1131.9,1144.0,1126.99,1137.81,1590101,1563944400000,2019-07-24 05:00:00
1116,1137.82,1141.7,1120.92,1132.12,2209823,1564030800000,2019-07-25 05:00:00
1117,1224.04,1265.5499,1224.0,1250.41,4805752,1564117200000,2019-07-26 05:00:00
1118,1241.05,1247.37,1228.23,1239.41,2223731,1564376400000,2019-07-29 05:00:00
1119,1225.41,1234.87,1223.3,1225.14,1453263,1564462800000,2019-07-30 05:00:00
1120,1223.0,1234.0,1207.7635,1216.68,1725454,1564549200000,2019-07-31 05:00:00
1121,1214.03,1234.11,1205.72,1209.01,1698510,1564635600000,2019-08-01 05:00:00
1122,1200.74,1206.9,1188.94,1193.99,1645067,1564722000000,2019-08-02 05:00:00
1123,1170.04,1175.24,1140.14,1152.32,2597455,1564981200000,2019-08-05 05:00:00
1124,1163.31,1179.96,1160.0,1169.95,1709374,1565067600000,2019-08-06 05:00:00
1125,1156.0,1178.4451,1149.6239,1173.99,1444324,1565154000000,2019-08-07 05:00:00
1126,1182.83,1205.01,1173.02,1204.8,1467997,1565240400000,2019-08-08 05:00:00
1127,1197.99,1203.88,1183.603,1188.01,1065658,1565326800000,2019-08-09 05:00:00
1128,1179.21,1184.96,1167.6723,1174.71,1003187,1565586000000,2019-08-12 05:00:00
1129,1171.46,1204.78,1171.46,1197.27,1318009,1565672400000,2019-08-13 05:00:00
1130,1176.31,1182.3,1160.54,1164.29,1578668,1565758800000,2019-08-14 05:00:00
1131,1163.5,1175.84,1162.11,1167.26,1224739,1565845200000,2019-08-15 05:00:00
1132,1179.55,1182.72,1171.81,1177.6,1349436,1565931600000,2019-08-16 05:00:00
1133,1190.09,1206.99,1190.09,1198.45,1232517,1566190800000,2019-08-19 05:00:00
1134,1195.25,1196.06,1182.11,1182.69,915605,1566277200000,2019-08-20 05:00:00
1135,1193.15,1199.0,1187.43,1191.25,741053,1566363600000,2019-08-21 05:00:00
1136,1194.07,1198.0115,1178.58,1189.53,947906,1566450000000,2019-08-22 05:00:00
1137,1181.99,1194.08,1147.75,1151.29,1688271,1566536400000,2019-08-23 05:00:00
1138,1157.26,1169.47,1152.96,1168.89,1226441,1566795600000,2019-08-26 05:00:00
1139,1180.53,1182.4,1161.45,1167.84,1077452,1566882000000,2019-08-27 05:00:00
1140,1161.71,1176.4199,1157.3,1171.02,802243,1566968400000,2019-08-28 05:00:00
1141,1181.12,1196.06,1181.12,1192.85,1088858,1567054800000,2019-08-29 05:00:00
1142,1198.5,1198.5,1183.8026,1188.1,1129959,1567141200000,2019-08-30 05:00:00
1143,1177.03,1186.89,1163.2,1168.39,1480420,1567486800000,2019-09-03 05:00:00
1144,1176.71,1183.48,1171.0,1181.41,1068968,1567573200000,2019-09-04 05:00:00
1145,1191.53,1213.04,1191.53,1211.38,1408601,1567659600000,2019-09-05 05:00:00
1146,1208.13,1212.015,1202.5222,1204.93,1072143,1567746000000,2019-09-06 05:00:00
1147,1204.0,1220.0,1192.62,1204.41,1471880,1568005200000,2019-09-09 05:00:00
1148,1195.15,1210.0,1194.58,1206.0,1260115,1568091600000,2019-09-10 05:00:00
1149,1203.41,1222.6,1202.2,1220.17,1307033,1568178000000,2019-09-11 05:00:00
1150,1224.3,1241.86,1223.02,1234.25,1725908,1568264400000,2019-09-12 05:00:00
1151,1231.35,1240.88,1227.01,1239.56,1301350,1568350800000,2019-09-13 05:00:00
1152,1229.52,1239.56,1225.61,1231.3,1053299,1568610000000,2019-09-16 05:00:00
1153,1230.4,1235.0,1223.69,1229.15,958112,1568696400000,2019-09-17 05:00:00
1154,1227.51,1235.61,1216.53,1232.41,1144333,1568782800000,2019-09-18 05:00:00
1155,1232.06,1244.44,1232.02,1238.71,1000155,1568869200000,2019-09-19 05:00:00
1156,1233.12,1243.32,1223.08,1229.93,2337269,1568955600000,2019-09-20 05:00:00
1157,1226.0,1239.09,1224.17,1234.03,1075253,1569214800000,2019-09-23 05:00:00
1158,1240.0,1246.74,1210.68,1218.76,1591786,1569301200000,2019-09-24 05:00:00
1159,1215.82,1248.3,1210.09,1246.52,1593875,1569387600000,2019-09-25 05:00:00
1160,1241.96,1245.0,1232.268,1241.39,1561882,1569474000000,2019-09-26 05:00:00
1161,1243.01,1244.02,1214.45,1225.09,1354432,1569560400000,2019-09-27 05:00:00
1162,1220.97,1226.0,1212.3,1219.0,1419676,1569819600000,2019-09-30 05:00:00
1163,1219.0,1231.23,1203.58,1205.1,1358279,1569906000000,2019-10-01 05:00:00
1164,1196.98,1196.99,1171.29,1176.63,1639237,1569992400000,2019-10-02 05:00:00
1165,1180.0,1189.06,1162.43,1187.83,1663656,1570078800000,2019-10-03 05:00:00
1166,1191.89,1211.44,1189.17,1209.0,1183264,1570165200000,2019-10-04 05:00:00
1167,1204.4,1218.2036,1203.75,1207.68,867149,1570424400000,2019-10-07 05:00:00
1168,1197.59,1206.08,1189.01,1189.13,1141784,1570510800000,2019-10-08 05:00:00
1169,1199.35,1208.35,1197.63,1202.31,876632,1570597200000,2019-10-09 05:00:00
1170,1198.58,1215.0,1197.34,1208.67,932531,1570683600000,2019-10-10 05:00:00
1171,1222.21,1228.39,1213.74,1215.45,1277144,1570770000000,2019-10-11 05:00:00
1172,1212.34,1226.33,1211.76,1217.14,882039,1571029200000,2019-10-14 05:00:00
1173,1220.4,1247.33,1220.4,1243.01,1395259,1571115600000,2019-10-15 05:00:00
1174,1241.17,1254.74,1238.45,1243.64,1168174,1571202000000,2019-10-16 05:00:00
1175,1250.93,1263.325,1249.94,1253.07,980510,1571288400000,2019-10-17 05:00:00
1176,1253.46,1258.89,1241.08,1245.49,1352839,1571374800000,2019-10-18 05:00:00
1177,1252.26,1254.6287,1240.6,1246.15,1038042,1571634000000,2019-10-21 05:00:00
1178,1247.85,1250.6,1241.38,1242.8,1047851,1571720400000,2019-10-22 05:00:00
1179,1242.36,1259.89,1242.36,1259.13,928595,1571806800000,2019-10-23 05:00:00
1180,1260.9,1264.0,1253.715,1260.99,1039868,1571893200000,2019-10-24 05:00:00
1181,1251.03,1269.6,1250.01,1265.13,1213051,1571979600000,2019-10-25 05:00:00
1182,1275.45,1299.31,1272.54,1290.0,2613237,1572238800000,2019-10-28 05:00:00
1183,1276.23,1281.59,1257.2119,1262.62,1886380,1572325200000,2019-10-29 05:00:00
1184,1252.97,1269.36,1252.0,1261.29,1408851,1572411600000,2019-10-30 05:00:00
1185,1261.28,1267.67,1250.8428,1260.11,1455651,1572498000000,2019-10-31 05:00:00
1186,1265.0,1274.62,1260.5,1273.74,1670072,1572584400000,2019-11-01 05:00:00
1187,1276.45,1294.13,1276.355,1291.37,1500964,1572847200000,2019-11-04 06:00:00
1188,1292.89,1298.93,1291.2289,1292.03,1282711,1572933600000,2019-11-05 06:00:00
1189,1289.46,1293.73,1282.5,1291.8,1152977,1573020000000,2019-11-06 06:00:00
1190,1294.28,1323.74,1294.245,1308.86,2029970,1573106400000,2019-11-07 06:00:00
1191,1305.28,1318.0,1304.365,1311.37,1251916,1573192800000,2019-11-08 06:00:00
1192,1303.18,1306.425,1297.41,1299.19,1012429,1573452000000,2019-11-11 06:00:00
1193,1300.0,1310.0,1295.77,1298.8,1085859,1573538400000,2019-11-12 06:00:00
1194,1294.07,1304.3,1293.51,1298.0,853861,1573624800000,2019-11-13 06:00:00
1195,1297.5,1317.0,1295.65,1311.46,1194305,1573711200000,2019-11-14 06:00:00
1196,1318.94,1334.88,1314.2796,1334.87,1782955,1573797600000,2019-11-15 06:00:00
1197,1332.22,1335.5288,1317.5,1320.7,1488083,1574056800000,2019-11-18 06:00:00
1198,1327.7,1327.7,1312.8,1315.46,1269372,1574143200000,2019-11-19 06:00:00
1199,1311.74,1315.0,1291.15,1303.05,1309835,1574229600000,2019-11-20 06:00:00
1200,1301.48,1312.59,1293.0,1301.35,995499,1574316000000,2019-11-21 06:00:00
1201,1305.62,1308.73,1291.41,1295.34,1386506,1574402400000,2019-11-22 06:00:00
1202,1299.18,1311.31,1298.13,1306.69,1036487,1574661600000,2019-11-25 06:00:00
1203,1309.86,1314.8,1305.09,1313.55,1069795,1574748000000,2019-11-26 06:00:00
1204,1315.0,1318.36,1309.63,1312.99,996329,1574834400000,2019-11-27 06:00:00
1205,1307.12,1310.205,1303.97,1304.96,586981,1575007200000,2019-11-29 06:00:00
1206,1301.0,1305.83,1281.0,1289.92,1511851,1575266400000,2019-12-02 06:00:00
1207,1279.57,1298.461,1279.0,1295.28,1268647,1575352800000,2019-12-03 06:00:00
1208,1307.01,1325.8,1304.87,1320.54,1538110,1575439200000,2019-12-04 06:00:00
1209,1328.0,1329.3579,1316.44,1328.13,1212818,1575525600000,2019-12-05 06:00:00
1210,1333.44,1344.0,1333.44,1340.62,1315510,1575612000000,2019-12-06 06:00:00
1211,1338.04,1359.45,1337.84,1343.56,1355795,1575871200000,2019-12-09 06:00:00
1212,1341.5,1349.975,1336.04,1344.66,1094653,1575957600000,2019-12-10 06:00:00
1213,1350.84,1351.2,1342.67,1345.02,850796,1576044000000,2019-12-11 06:00:00
1214,1345.94,1355.775,1340.5,1350.27,1281722,1576130400000,2019-12-12 06:00:00
1215,1347.95,1353.0931,1343.87,1347.83,1550028,1576216800000,2019-12-13 06:00:00
1216,1356.5,1364.68,1352.67,1361.17,1397451,1576476000000,2019-12-16 06:00:00
1217,1362.89,1365.0,1351.3231,1355.12,1855259,1576562400000,2019-12-17 06:00:00
1218,1356.6,1360.47,1351.0,1352.62,1657069,1576648800000,2019-12-18 06:00:00
1219,1351.82,1358.1,1348.985,1356.04,1470112,1576735200000,2019-12-19 06:00:00
1220,1363.35,1363.64,1349.0,1349.59,3316905,1576821600000,2019-12-20 06:00:00
1221,1355.87,1359.7999,1346.51,1348.84,883200,1577080800000,2019-12-23 06:00:00
1222,1348.5,1350.26,1342.78,1343.56,347518,1577167200000,2019-12-24 06:00:00
1223,1346.17,1361.3269,1344.47,1360.4,667754,1577340000000,2019-12-26 06:00:00
1224,1362.99,1364.53,1349.31,1351.89,1038718,1577426400000,2019-12-27 06:00:00
1225,1350.0,1353.0,1334.02,1336.14,1051323,1577685600000,2019-12-30 06:00:00
1226,1330.11,1338.0,1329.085,1337.02,962468,1577772000000,2019-12-31 06:00:00
1227,1341.55,1368.14,1341.55,1367.37,1406731,1577944800000,2020-01-02 06:00:00
1228,1347.86,1372.5,1345.5436,1360.66,1187006,1578031200000,2020-01-03 06:00:00
1229,1350.0,1396.5,1350.0,1394.21,1733149,1578290400000,2020-01-06 06:00:00
1230,1397.94,1402.99,1390.38,1393.34,1511693,1578376800000,2020-01-07 06:00:00
1231,1392.08,1411.58,1390.84,1404.32,1529177,1578463200000,2020-01-08 06:00:00
1232,1420.57,1427.33,1410.27,1419.83,1502664,1578549600000,2020-01-09 06:00:00
1233,1427.56,1434.9292,1418.35,1429.73,1821566,1578636000000,2020-01-10 06:00:00
1234,1436.13,1440.52,1426.02,1439.23,1653482,1578895200000,2020-01-13 06:00:00
1235,1439.01,1441.8,1428.37,1430.88,1560453,1578981600000,2020-01-14 06:00:00
1236,1430.21,1441.395,1430.21,1439.2,1282685,1579068000000,2020-01-15 06:00:00
1237,1447.44,1451.99,1440.92,1451.7,1173688,1579154400000,2020-01-16 06:00:00
1238,1462.91,1481.2954,1458.22,1480.39,2396215,1579240800000,2020-01-17 06:00:00
1239,1479.12,1491.85,1471.2,1484.4,2036780,1579586400000,2020-01-21 06:00:00
1240,1491.0,1503.2143,1484.93,1485.95,1610846,1579672800000,2020-01-22 06:00:00
1241,1487.64,1495.52,1482.1,1486.65,1351354,1579759200000,2020-01-23 06:00:00
1242,1493.59,1495.495,1465.25,1466.71,1784644,1579845600000,2020-01-24 06:00:00
1243,1431.0,1438.07,1421.2,1433.9,1755201,1580104800000,2020-01-27 06:00:00
1244,1443.0,1456.0,1432.47,1452.56,1577422,1580191200000,2020-01-28 06:00:00
1245,1458.8,1465.43,1446.74,1458.63,1078667,1580277600000,2020-01-29 06:00:00
1246,1439.96,1457.28,1436.4,1455.84,1339421,1580364000000,2020-01-30 06:00:00
1247,1468.9,1470.13,1428.53,1434.23,2417214,1580450400000,2020-01-31 06:00:00
1248,1462.0,1490.0,1458.99,1485.94,3055216,1580709600000,2020-02-03 06:00:00
1249,1457.07,1469.5,1426.3,1447.07,3932954,1580796000000,2020-02-04 06:00:00
1250,1462.42,1463.84,1430.56,1448.23,1986157,1580882400000,2020-02-05 06:00:00
1251,1450.33,1481.9997,1449.57,1476.23,1679384,1580968800000,2020-02-06 06:00:00
1252,1467.3,1485.84,1466.35,1479.23,1172270,1581055200000,2020-02-07 06:00:00
1253,1474.32,1509.5,1474.32,1508.68,1419876,1581314400000,2020-02-10 06:00:00
1254,1511.81,1529.63,1505.6378,1508.79,1344633,1581400800000,2020-02-11 06:00:00
1255,1514.48,1520.695,1508.11,1518.27,1167565,1581487200000,2020-02-12 06:00:00
1256,1512.69,1527.18,1504.6,1514.66,929730,1581573600000,2020-02-13 06:00:00
1257,1515.6,1520.74,1507.34,1520.74,1197836,1581660000000,2020-02-14 06:00:00
1258,1515.0,1531.63,1512.59,1519.67,1121140,1582005600000,2020-02-18 06:00:00
